token,document_frequency
광화문,150
광화문역,16
교보,49
넓다,438
다양하다,1278
문고,33
아주,1468
연결,302
있다,10445
좋다,6733
지하철역,80
책,179
호선,116
구경,643
때,1767
또한,970
많이,1219
바로,578
보기,269
볼일,7
와,482
잠깐,55
종류,370
주변,582
건,106
듯,250
번,718
애정,6
여기,953
요새,30
이렇다,200
인,237
자주,361
저도,39
정말로,87
프로모션,24
한,1942
핫,57
해,420
호텔,515
곳,5775
근처,632
낮,128
너무,1432
방문,3282
복잡하다,189
볼,1546
수,6288
약속,34
여유롭,46
잠시,112
주말,372
평일,133
한가하다,28
도,540
스마트폰,10
시간,2906
안쪽,45
위치,916
유용,55
이,4262
이용,420
장소,1481
쾌적,114
화장실,93
가족,570
공간,624
난,63
마음,372
모두,526
문화,814
사람,2318
어우러질,1
연인,61
위해,452
정책,7
좋아하다,838
터,61
가능하다,322
것,4465
구입,477
독서,9
마련,42
많다,4628
물론,250
아니다,1203
자리,152
추천,1329
피,114
가기,317
각,226
같다,2063
구비,20
더,1633
데리,101
도서,9
도서관,44
별로,260
보,127
분야,22
서적,16
서점,105
수도,351
아동,9
아이,1146
어린이,200
우리나라,198
웬만하다,24
이다,3061
접근성,120
지하철,648
최고,754
카페,522
특히,783
휴식,123
거지,1
기쁨,9
끼리,80
볼때,7
불끈불끈,1
생각,1251
선물,177
솓네,1
어디,110
없다,2087
이보,12
점,373
접근,125
지하,401
편하다,247
하나,766
항상,341
개인,250
경우,1281
경험,866
교재,1
그렇다,512
급하다,23
드라마,56
등,1117
땐,33
별,59
부대,19
사람과,27
시설,327
안,751
외국인,529
이유,146
재고,5
제일,139
준비,255
직원,341
친절하다,370
한국,3064
한글,77
가지,861
류,78
문구,40
뿐,220
음악,127
자료,78
자유롭다,29
전,833
충분하다,261
판매,434
함께,1025
귀찮다,27
날,549
당일,18
드림,6
매우,1774
밤,267
배송,25
수령,2
아침,218
전날,3
주문,63
꼭,1269
다른,1521
사고,110
사지,34
유독,5
군데,44
규모,235
여러,700
전자제품,21
점도,15
접,51
제품,328
지점,27
최대,99
팬시,2
거리,777
곳도,95
그만큼,40
대형,123
사,162
시선,17
여기저기,21
워낙,61
원목,2
책볼,1
테이블,50
물품,44
여러가지,119
가장,1045
국내,55
데이트,199
리,76
모델링,40
이후,145
중,926
코스,176
하나로,32
하니,59
혼잡,135
기도,82
길,462
사랑,400
어,212
자의,16
정말,1876
정신,63
집,291
창업,3
가끔,233
덥다,142
도심,141
매장,223
서울,2498
시끄럽다,49
오프라인,7
지적,5
환상,220
가게,864
가까이,69
가깝다,406
관,217
느낌,527
다시,557
동상,86
때문,1204
르,9
말,442
먼저,135
면세,44
면세점,198
명품,64
몽블랑,2
보스,3
상점,719
스,94
신선하다,243
아이스크림,32
얼마,42
예전,205
이순신,11
적,209
정도,678
충격,27
키,42
후,550
훨씬,233
년전,18
매번,46
분위기,419
아담,19
외로,2
이동,336
조용하다,234
그때,37
대표,180
명성,32
었,321
여전하다,233
임밸류,1
젤,10
종합,33
지금,248
흔하다,15
구,81
샘플,31
어지간하다,6
요즘,147
인터넷,96
종종,102
편이,173
힘들다,231
검색,85
곳곳,52
굳이,55
밖,166
분,711
불편하다,145
비치,2
원,551
전용,86
컴퓨터,26
편리하다,310
한적,49
그냥,569
너무나,99
옆,420
음반,5
음식,1108
코너,40
그,1727
내,928
눈치,4
또는,573
무조건,21
순위,21
신간,2
안보,10
오래,440
의자,35
일,549
주기,26
처음,413
필요하다,350
다,1028
단,117
둘,74
둘째,12
또,333
봄방학,1
양식,59
역시,161
첫째,12
타고,161
괜찮다,390
극장,83
꽤,496
멀티,18
백화점,415
쇼핑,1614
스럽다,108
양,67
온건,1
정돈,28
플랙,2
혼란,42
가면,453
굉장하다,156
멀다,98
시스템,65
일단,114
정리,57
찾기,200
늘,85
단위,40
대신,101
부딪히다,2
생활용품,4
쉽다,94
식당가,64
식사,395
어깨,5
외국,163
요긴,3
용이,31
우선,48
인파,20
일상,53
조심,59
주차,232
줄,192
층,823
카페나,14
해결,83
겸사겸사,12
경복궁,771
광장,96
둘러보기,62
만날,43
맛집,234
세종,27
종로,67
즐겁다,630
청계천,36
친구,739
회관,9
강추한,4
겨울,192
남,25
만남,19
보고,645
시절,20
도착,275
심심하다,11
곳이었,33
까지,66
깜짝,30
나,1847
눈,261
덕분,48
마자,9
버젼,2
분간,2
브랜드,397
서리,8
쇼핑몰,635
악세,5
오랜만,61
오히려,60
온,194
입구,339
좀,604
집중,34
쪽,177
책보,4
팬,146
형태,30
누군가,26
동안,604
듭니,28
만족,97
빨리,62
서비스,172
속,132
장소라,6
책방,3
두,491
버스,209
번만,7
비롯,39
수도권,4
안식,2
어느,119
여유,157
지나,39
참,209
훌쩍,2
공사,60
기분,174
내부,470
단지,155
문학,8
문화생활,40
일부러,19
한결,3
해지,20
현재,189
구성,158
유명하다,376
편안하다,171
간단하다,150
거,192
고요,225
그래서,279
근데,29
기본,171
나름,64
런가,9
루니,1
마냥,7
물건,417
반디,1
방앗간,1
북적,77
서도,41
식당,424
안식처,5
앤,8
영풍문고,4
외,117
이구,22
저,1298
종일,130
참새,1
플레이,53
하루,506
핫트랙스,2
가운데,81
부담,51
언제,95
없이,242
이기,159
짬,2
대규모,49
수양,1
역,508
역사,2203
육체,1
자랑,56
자랑햐,1
전통,707
제목,23
간혹,14
독특하다,210
사기,69
상품,268
아이디어,27
어떻다,521
재미,572
직접,180
한번,549
악세사리,27
온라인,52
이어도,3
중심,181
활황,1
고고,7
거대하다,701
결코,36
고전,28
곤,3
그것,433
노트북,9
놀랍다,471
당신,428
라이프,28
를,589
만년필,1
모음,20
및,2083
백,33
보유,20
손,91
스타일,117
어렵다,227
업자,1
영어,726
예술가,51
용품,69
우,24
은,730
인상,392
잉크,2
작,81
종이,17
촉촉하다,2
컬렉션,123
클래식,36
할인점,1
훌륭하다,604
가격,1233
경향,18
국경,1
나은,119
레스토랑,485
므,13
미국,136
상기,11
선택,447
섹션,134
션,83
언어,158
에디,3
외국어,12
저렴,868
전문,62
전역,6
정식,10
제공,512
체인,12
가치,953
목도,2
반드시,218
커다랗다,50
편지지,3
항,4
확인,326
흥미롭다,1012
누구,80
달리,51
대한,639
도시,333
벤치,32
열정,24
의,1269
점재,1
종로구,14
지하실,28
특정,111
퍼즐,11
한국어,224
개발,40
관련,148
노벨,1
매점,25
반즈,2
소,40
여지,25
예,132
의심,29
작다,780
참으로,11
최선,10
포함,193
숍,37
아마,129
전자,89
지루하다,116
커피,186
향수,23
가방,137
고정,25
군중,26
기념품,338
낭비,46
똑같이,8
마찬가지,36
목록,64
비슷하다,97
세계,242
소형,11
엄청나다,82
열중,2
요약,22
이외,25
입력,107
장난감,66
재료,65
적용,16
정지,21
지갑,27
특별하다,325
결정,87
관리인,1
그녀,113
당하다,13
도움,189
바탕,5
발견,189
번호,26
빌딩,96
압도,62
여성,148
인쇄,26
정보,680
제,849
준,72
지정,37
청,4
촉박,3
카운터,42
하자,16
확실하다,256
효율,12
간,161
관중,1
국가,146
금치,3
멋지다,1175
모서리,6
문화원,2
민족,40
북한,46
비틀,2
성과,11
싱가포르,7
예술,534
움,209
일요일,90
작품,358
전쟁,869
정체,7
지역,732
터틀,2
필기구,2
현행,1
거의,342
게시,15
고프다,16
그대로,120
마치,60
모든,1627
모양,43
배,100
스티커,17
아름답다,1492
협조,11
새,125
아늑,6
짧다,146
향기,13
호흡,4
건물,1321
고객,107
남아,30
대구,11
만약,230
불만,13
비,397
비밀,16
사실,179
센터,264
심각하다,21
아지트,2
억수,1
에서,522
오후,247
완벽하다,155
코트,159
푸드,154
활성화,18
사용,710
저장,84
평화롭다,78
곳일,11
내용,157
년,422
면,103
몇,783
뭔가,104
발표,4
비용,153
사무,7
실질,7
어려움,20
영원하다,12
이미,131
크게,58
픽션,1
개울,2
늑한,10
명,99
명소,194
서울특별시,5
세상,26
수만,6
수영,4
시작,265
실패,13
여,68
위,612
이름,206
자세하다,175
자신,226
팰리스,691
관광,360
관광명소,113
가장자리,7
게임,79
공유,36
다음,513
리더,10
살,480
설정,92
수준,177
스택,2
업계,2
우리,1709
이러하다,107
일이,145
적어도,112
주제,49
페이지,12
편,152
관심,357
글꼴,1
금월,1
기타,142
깨끗하다,310
메,21
물이,51
소규모,15
수많다,127
영화,167
오른쪽,86
일본어,70
일부,476
잡지,6
중국어,91
참조,290
패턴,9
하하,47
마차,126
예약,165
포장,175
거치,2
교통,202
궁전,1134
실내,189
아웃,156
이때,4
천국,125
체크,199
감상,121
단순,9
도보,124
라면,225
맛,272
성,82
얼마나,118
관리,147
부모,17
감동,95
나라,226
이상,370
크기,155
강남,121
구사,38
기록,204
디톡싱,2
리뷰,94
링크,5
맞견주,2
문방,3
바이,25
보지,98
부분,256
성장,9
심지어,127
어드,9
어른,108
오일,4
용구,3
유사하다,86
즉,59
처녀,1
크레용,2
트립,13
페인트,19
항목,227
내내,44
영역,144
기호,20
로비,31
릴리즈,1
새롭다,266
와우,52
이리,6
이세,1
조리,23
클리,8
텍스트,32
토마,1
트렙,1
다양,17
단점,120
대량,23
디,30
디브이,2
분점,5
서지,14
스페인어,1
장점,83
지원,143
프랑스어,1
가야,108
노블,3
잠실역,10
정,39
평소,32
무도,12
문제,158
비싸다,509
여자,107
예상,60
주둔,2
책상,4
가사,1
강동구,2
동네,79
롯데,326
조금,552
타워,103
높다,231
시내,123
입장료,426
마천루,7
아쉽다,199
월드,107
전망대,61
조망,3
한강,38
혼자,119
내의,22
높이,20
다만,188
못,138
새로이,3
서울시,41
선명하다,7
실감,12
아쉬움,26
야경,64
이제,140
입장,364
전경,12
전망,140
폐장,3
가요,37
겸,59
다리,54
됴,1
리도,5
먹거리,230
모로,10
미용실,4
아프다,108
전환,27
날씨,243
도로,36
뷰,45
엄청,94
조,9
복합,123
아이쇼핑,17
음식점,225
공원,292
놀이,30
다소,82
생활,148
여가,9
함,164
개,352
대한민국,172
몰이,27
상업,36
서로,79
쇼,95
어우러진,15
영화관,115
컨서트,2
팡,2
한국인,382
무엇,193
볼거리,259
차도,11
메카,32
오층,2
인정,19
여행객,67
가시,57
노을,3
수가,108
오시,25
필수,79
목적,69
스카이,22
아쿠아리움,52
입점,77
탐방,11
가세,52
걷기,59
귀가,3
놀이기구,4
만큼,93
밀,8
싫다,34
야외,243
에버랜드,3
영향,49
인구,7
집도,13
힘듭니,19
공연,482
악기,47
요금,118
유의,14
할인,192
강하다,32
달라,41
대단하다,33
돈,197
라운지,18
비스듬하,1
약간,250
억울하다,1
요,246
저희,273
지불,140
푸드코트,82
픽,3
가을,196
그래도,184
봄,139
테라스,13
가도,134
나쁘다,145
보이,57
카드,59
필요,170
해도,63
개장,179
관람,388
깔끔하다,153
전체,495
주중,22
최적,40
감수,3
고급,120
마트,102
트랙,9
풍부하다,118
상당하다,140
아예,6
웨이팅,4
미세먼지,9
심하다,31
랜드마크,42
수영장,14
아이스링크,2
존재,29
봐,255
초이스,2
오거,6
공기,43
낯설다,2
놀러와,6
멀리,65
보이지,40
보통,77
뿌옇,1
수족관,52
얘길,1
어딜,9
언급,34
올해,24
유명,62
은근,19
일찍,110
저녁,241
전부,40
친척,10
가득,68
키즈,17
가든,37
대기,55
무거,1
유동,10
거만,4
그건,20
근무,20
무섭다,48
불안하다,8
신기하다,123
오,99
줄겁,1
쫌,2
다르다,139
산책,568
석촌호수,7
스타,51
코엑스,91
필드,28
군데군데,6
자체,266
최신,57
몰링,4
염두,9
기기,34
일반,276
저가,8
즐,21
최고다,3
구역,71
배치,102
사악,1
임,79
콘서트홀,12
한자리,15
무,63
사이,104
연중,15
딱하다,55
보니,110
초근,1
기준,20
먼트,1
요소,36
터테,1
캐릭터,52
간반,1
구름,6
대부분,509
러시아워,1
몰리,10
무렵,11
서서,43
선셋,2
시,381
약,321
일몰,8
제대로,74
최악,28
한시,3
장애,6
코엑스몰,24
이상하다,65
헤메,3
값,56
기억,215
대체,19
여름,201
마을,116
분명,22
수면,3
실제,289
싱크홀,1
야욕,2
어느새다,8
잠실,20
타운,25
관광지,176
굿굿,10
달,51
달이,5
매,31
모습,216
산,108
생일,13
그렇게,156
기,252
남산타워,8
냉방,4
노약,2
동반,40
절대,135
좁다,88
질,63
차이,49
한참,20
감,56
도록,6
사진,1490
엔터테인먼트,47
찍,239
포인트,34
대충,4
상태,65
아직까지,7
등등,93
로,195
시네마,19
혹,7
길거리,173
꺠끗,1
맘,32
고급스럽다,59
럭셔리,19
차,215
호강,1
골목,146
그림,227
길목,6
맛있다,457
벽화,11
집들이,15
경치,67
그닥,15
대박,16
엎어,3
여태껏,1
진짜,158
건축,148
궁금하다,54
밀도,2
아기자기,50
아래,121
위대하다,99
가볍다,76
계속,146
나들이,149
드넓,4
보아,28
강추,86
신분증,7
위로,43
제시,27
귀차니즘,1
맑은,14
고소공포증,3
관광객,538
막상,20
만,482
무리,26
문,201
바닥,95
유리,50
일행,7
체험,357
훤히,2
휑한곳,1
몹시,6
제외,81
거기,173
고민,24
두루,8
바람,53
번지점프,1
스릴,18
위상,4
이웃,13
절실,4
투명,3
히,62
가슴,48
두바이,2
부러워하다,4
뿌듯하다,13
세겨속,1
안전하다,30
이처럼,4
초고,2
밥,51
등수,1
랭킹,1
널,9
맥주,36
메뉴,56
볶음밥,5
알코올,1
오리,9
음료,89
치킨,13
트레일러,1
팟타이,1
퍽퍽,1
펍,7
평범,2
푸르다,3
강제,9
디게,1
발길,8
왠지,13
이래저래,4
커서,51
알,554
앞,384
이벤트,120
좋아지다,52
투자,22
평범하다,48
고생,11
당연하다,34
부모님,40
전혀,85
가급적,4
담,18
동물,22
딸램,2
먹기,66
먹방,8
벨루가,1
성인,65
숙소,20
쌀국수,5
어류,2
에비츄샵,1
월남쌈,1
잡고,59
짜조,1
한잔,47
해저터널,1
길이,62
길찾기,7
끼니,5
금액,19
사이즈,19
일정,94
후회,69
지상,41
한눈,35
드,16
뻔,3
뻔하다,6
살짝,32
원스,11
조경,23
찍기,172
탑,38
구민,1
볼걸,2
손님,75
송파,2
시원하다,117
진작,4
고층,18
남북,2
대치,2
명물,9
상황,41
뒤,161
딱,103
비뉴,6
신경,33
트랜디,8
특색,33
불꽃,2
새해,9
이번,125
축제,63
구설수,1
반대쪽,2
영등포,28
저런,8
타임스퀘어,28
맞이,9
분만,11
시계,28
안개,5
엘리베이터,46
연말,8
음,52
짙다,4
층별,1
경기도,5
서든,7
월,251
번화가,8
비교,180
신세계,113
외부,231
용,101
실망,232
오지,39
특징,30
거주,20
대가,37
던,6
부실,5
얘기,23
대중교통,93
힘드네,4
사건,13
다행,37
웅장,96
멋있다,60
선뜻,4
긍지,2
나리,3
느겨,1
발,57
발전,39
자부심,18
의미,165
촌놈,4
학회,2
가득하다,104
가라,20
건축물,126
공군,4
변경,490
부조화,1
잡음,1
지은,11
항로,1
그다지,68
타,86
얼씬,1
항간,1
막,40
불안감,1
옷,560
최적화,4
밀집,16
방향,66
잡기,10
걸,151
브릿지,6
통해,310
바이킹,1
스워프,1
가능,68
쏙쏙,2
젊다,148
지은지,2
오픈,69
원한,2
키친,9
한산,23
간다,71
고속,42
나이,45
부담스럽다,16
아쿠아,1
엘레베이터,11
주파,2
검사,13
공항,61
무슨,59
보안,15
빡시,1
뺨,1
리가,6
테마,134
파크,27
니,75
면도,1
몰입,16
아직,187
외관,71
소품,48
의류,231
감히,11
컨퍼런스,5
컴플렉스,1
큐,20
객,37
놀,42
해당,222
어마,3
이면,58
헬,2
답,35
베이트,1
슝,1
엘리,8
랄,11
매김,2
반지,7
사우론,1
솔직하다,79
제왕,1
흉물,1
맞은편,20
방문객,75
번잡,38
샤,3
숙박,38
시어터,2
번은,36
보더,10
절대로,9
쯤,41
뉴,2
거대,15
동선,51
편의,30
단장,13
부터,67
주차장,100
결국,92
데,255
땜,4
빵,31
예매,28
작고,50
텅텅,3
생기,17
세련되다,55
쎄,1
등록,27
연간,4
전세계,18
회원,10
흠,23
구경이,5
금방,29
끌,19
무료,1398
수단,12
순간,50
전기차,1
충전,14
충전기,1
해외여행,4
남산,34
듬,1
바깥,34
샵,72
아깝다,49
아파트,25
유리창,3
일주일,12
주위,174
지저분하다,16
청소,9
청소년,29
특이하다,49
점등,3
화려하다,156
간곳,4
경관,22
셋,10
일분,1
일층,12
야하다,243
꺼리다,9
중간,74
라서,2
시야,7
재,81
재미있다,689
포기,24
녁,1
독보,5
만하,62
쉬,34
예쁘다,220
지하상가,47
차고,25
팩,13
폭설,2
폭염,4
폭우,2
하이마트,1
화점,1
도하,12
떼,3
우기,6
능,45
부상,5
부족하다,103
집약,5
차단,7
체력,12
개관,16
공짜,42
매주,26
북,30
새총,1
어플,5
입장권,33
중이,15
처럼,96
쿠폰,31
포켓몬,4
한정,18
곳임,39
애매,27
착하다,11
통로,46
기대,131
내년,6
불꽃놀이,2
불안,3
안전,64
이견,2
로맨틱,7
바,60
사전예약,10
상공,1
위층,86
뉴스,4
벚꽃,34
월말,3
초,60
피고,3
신촌,13
짐,42
참고,79
홍대,169
명절,14
연휴,16
유료,36
재밌다,365
온갖,15
하드락,1
갈비탕,1
도전,43
몇번,26
뭘,21
뿐이다,21
사도,5
안타깝다,35
환영,33
한가득,3
파킹,7
디저트,46
물,243
블랙홀,1
열기,23
위험,11
곧,19
뉴욕,17
엠파이어스테이트,1
월트,2
매일,92
울,19
자주자주,2
오랫동안,24
인기,137
겨울철,9
까페,32
아기,35
게,221
더보,2
리틀,3
사이공,2
상영,9
스크린,16
이드,6
이사,8
적극,84
적당하다,74
좌석,44
회,97
밥집,5
부근,12
제법,15
탐험,55
발달,10
한창,2
너,47
상한,1
의견,12
버즈,2
으,7
익스,15
통계,4
티켓,268
프레,40
현대,521
답변,61
만난,18
무것,177
사랑스럽다,120
에스컬레이터,30
초콜릿,13
클럽,10
해산물,245
길다,85
가재,10
고성능,4
구운,10
끝,126
대해,441
대화,114
동부,7
랍스터,8
반갑다,8
사항,64
새우,50
수정,10
시도,131
알레르기,1
애호가,63
요리,224
우려,3
월요일,70
유창,13
의문,9
캐나다,6
통신,11
해안,6
해외,54
객실,57
광경,39
디스플레이,158
리프트,3
벽,81
복도,51
비디오,85
석양,6
신속하다,15
위쪽,16
장엄,25
천장,25
간편하다,15
기능,72
런던,14
손쉽다,12
액세스,116
연,47
최근,169
풍경,135
관측,6
네,53
다운로드,56
디지털,30
미만,15
방법,354
스마트,20
아들,60
주,147
폰,17
합리,166
조회,7
평균,56
맨,53
아래층,22
수행,108
더럽다,26
부족,25
아무렇다,9
우아하다,18
향,62
환경,101
나무,106
요구,35
장인,12
정원,422
지붕,28
충분,6
충족,13
치,26
무데,8
스탠드,5
유리하다,7
강력하다,82
샴페인,1
선,73
활동,160
과,373
디렉토리,5
유형,75
이야기,217
조직,43
주얼,20
캐,29
조건,13
여자친구,29
참여,80
서울역,111
천문대,3
하늘,36
구축,27
완료,52
작업,171
무지개,4
분수,103
색깔,10
응괴,1
이어진,7
인테리어,98
조명,93
챙,1
최고급,13
익숙하다,36
점심,156
출구,175
택시,94
게이트,79
모바일,13
부품,59
은행,33
크리스,2
크림,3
환율,7
환전,12
단계,47
두번째,29
셀프,20
인증,5
자,40
존,20
카메라,129
포토,36
호수,112
퀸,5
필견,3
국제,54
기이,8
끔찍하다,29
상자,34
새장,1
스칸디나비아,2
애완,2
치료,15
남자친구,21
인식,27
뮤지컬,67
아이돌,4
열풍,3
한류,9
계산,14
만세,1
만원,61
어치,3
케이팝,10
레드,12
벨벳,3
샤이니,4
엑소,5
응원,4
소속사,3
압구정,31
왜,96
일반인,5
전면,8
진행,96
가수,13
눈요기,7
박물관,3007
삼성역,16
연예인,22
각종,141
굿즈,9
당,38
블링블링,1
삼성동,2
아이템,66
아티,8
아티스트,39
컨텐츠,26
소속,1
실,85
위력,2
전시,1539
굿즈들,2
기념관,318
엔터테이먼트,2
옴,6
팔고,56
굿즈상품,2
기획사,1
더욱,138
조성,19
알고싶다,2
연예기획사,1
이해,307
공식,28
그룹,148
기쁘다,37
로부터,21
전시회,390
초청,6
특별시,1
렘,4
외벽,2
우상,8
앨범,11
포스터,15
비하인드,1
식물,23
장,59
기차,61
식품점,7
폭발,8
품,64
귀엽다,144
팝,23
흥미,207
개념,30
즐거움,63
통찰,43
여행,833
회사,49
가인,1
간판,53
강화,5
경이,5
레이아웃,46
롭습니,17
링링,1
무언가,23
사례,11
삼성,119
삼중,1
상승,8
신사,16
십자가,3
왁스,8
이중,11
인형,49
전직,2
태풍,1
편견,9
노래,30
더위,19
지문,3
진정,120
티셔츠,12
기대하다,159
명의,29
이래,10
이지,54
콘서트,36
광범위,43
메이크업,11
무대,18
미치다,44
에이,26
의복,9
자아,4
헌신,7
낙원,11
판다,10
건너,53
과거,196
교환,29
방금,13
상관,10
상인,86
수집,63
스탬프,12
었습니,91
올바르다,13
우표,20
정직하다,8
중지,42
투어,747
거나,20
관찰,8
밴드,14
사슴,1
새끼,1
매진,7
팬용,1
구세대,1
동방신기,2
샤인,1
유감스럽게,4
판단,3
씨어터,1
유감,5
베스트,10
쇼룸,3
권,55
스쿨,2
어쩌면,30
오즈,1
운,124
중독,17
그만하다,33
보석,110
불평,4
수주,1
술,49
밀폐,2
가상,20
룸,69
방,246
버튼,15
설치,53
스튜디오,24
오디션,2
이미지,42
진심,8
춤,25
텔레비전,4
상세,38
라이브러리,11
재능,7
다양성,17
주식,3
고가,21
구매,219
마르다,26
분명하다,42
사탕,17
경고,16
딸,57
방문자,38
소녀,21
거룩하다,3
더욱더,5
던지기,3
떠들썩하다,1
마침내,15
흘끗,2
간식,63
미니,46
슈퍼마켓,52
연극,17
케이크,32
절약,10
패스,35
팹을위,1
혜택,27
마무리,19
맞춤,14
레이블,14
스낵,26
시장,1335
열,143
모자,25
모형,35
즉시,28
고리,9
레벨,26
베개,4
봉사,15
열쇠,13
주요,158
케이스,8
파이,9
화장품,123
옵션,105
과대,28
과장,5
미디어,29
상호,90
소매,39
소셜,14
작용,93
최종,15
평가,49
감고,2
빈,50
하드코어,2
구분,30
그랜드,56
그러니까,5
변치,2
사용자,54
야합,7
인터컨티넨탈,8
표시,438
꼭대기,49
여선,1
곡,10
버섯,3
불,32
서라운드,5
연설,3
원래,82
자막,5
지속,33
충,7
고등학교,12
광고,24
구조,130
단순하다,72
만듭니,9
볏가을,7
영리,14
입성,1
패션,133
가구,53
감시,7
때때로,17
병,17
사인,7
정확하다,61
주스,15
허용,35
슈퍼,57
주니어,2
변하다,35
사이트,209
웹,63
홀로그램,3
및그,9
보컬,1
설레브러티,2
셔츠,21
액세서리,138
팔,39
헤어,9
희망,18
었기,13
노점상,30
따로,54
마켓,64
유니크,14
유지,133
자연스레,3
지칭,1
프리,31
홍대앞,3
감성,14
놀이터,30
즐비,41
지고,10
냄새,78
도매,82
매혹,45
주목,7
친근하다,17
매력,260
에너지,18
꼬옥,2
달달,4
마구마구,1
맘껏,5
토요일,63
디자인,167
공예,31
금속,9
벼룩시장,11
소소하다,20
쏠쏠,28
작가,83
장식품,7
정문,72
금토,1
상관없다,9
유일,120
때우다,15
사서,44
수제,13
스틱,8
플리,7
후기,48
갈리,2
도오,1
품목,48
호불호,3
와플,9
마켙,2
말씀,8
서양,35
품질,132
노점,41
상일,2
순수하다,11
편입,41
군것질,14
그게,20
스트리트,33
정석,1
주민,119
공예품,54
쏠쏠함,2
정성,5
주로,154
국적,19
따뜻하다,84
로움,19
자유,102
햇살,6
메이드,16
핸드,18
꿈,20
젊은이,37
젊음,7
협소,14
일어나고,7
킹,55
목판,2
영혼,10
벼룩,19
이별,5
술집,16
아마도,56
찬,56
활기,82
남성,28
스포츠,34
엉덩이,9
추석,22
팁,64
할랄,6
현금,56
힙합,3
고,148
규칙,15
미술,252
방황,27
시가,12
확신,10
대학,17
부스,30
배달,4
비행기,175
손자,5
운전자,1
재현,31
가죽,25
계획,187
기회,225
도자기,79
신용,15
엽서,18
인물,29
쥬얼리,2
댄스,11
연주,37
명동,301
완전하다,130
냉기,1
몇몇,65
소용돌이,1
식탁,1
신발,220
공격,15
김교수,1
눈길,6
눈물,10
말르다,3
보도,8
스카우트,1
어제,9
연기,4
이전,113
잠재,4
체,10
케이,12
터링,1
성능,48
발생,57
동대문,177
파라다이스,11
홍경,1
게다가,48
대문자,1
활용,44
바쁘다,149
버전,35
유혹,12
전송,17
주머니,12
초기,48
지구,20
대중,43
역동,4
특선,4
고작,1
라이브,34
번거롭다,13
신혼,2
아울렛,66
특,31
트렌디,48
금요일,29
근사,21
재래,29
마감,24
만두,58
수립,6
수프,22
적절하다,56
캡처,19
포장마차,49
화,20
무용,17
야간,224
표현,37
행위,27
십대,14
파티,13
홍익대학교,6
개월,21
기간,129
뮤지션,2
퍼포먼스,3
한밤중,3
빈티,20
댄서,5
관점,37
대상,51
상대,49
세,179
아리마,68
영업,97
전반,103
행,35
홍익,6
활발,4
강력,130
그레이,21
글로브,2
린,5
마이,6
전기,9
지난,100
털,5
학생,107
낼,10
었습,171
임의,13
여행자,70
유익하다,228
일리,3
물린,1
유행,38
커플,85
로우,9
반나절,102
손바닥,2
인과,3
하이엔드,15
현지,167
빠르다,87
수공,15
이나,70
이하,30
캐리커처,2
거인,18
반면,26
보시,65
상,65
수동,4
애용,10
어가,6
우연히,72
리스트,17
수라바야,1
시티,61
신기,6
동시,62
음주,1
주간,11
최소한,34
호스텔,3
대학교,16
혼합,22
통,63
당연,4
도가니,3
아시아,134
완전,81
자본,8
전투,10
디자이너,64
쇼케이스,8
향후,16
상가,90
육,4
한복,235
회덮밥,2
가격표,7
광장시장,176
김밥,165
다툼,1
도중,16
떡,17
마약,122
복기,1
불법행위,1
빈대떡,184
순대,37
신고,21
오뎅,8
원조,7
주인,56
햤었,1
산낙지,5
소주,17
쎈편,1
육회,118
대고,7
삶,115
생생,32
서민,13
지폐,8
현장,61
노상,2
떡볶이,71
뺑뺑,1
왠만하다,5
장사,13
족발,17
차라리,16
출출,4
한식,33
결제,20
나위,10
녹두,72
두둑하다,1
위생,25
재래시장,47
적합하다,70
최초,19
각각,22
검,10
겨자,2
고든,2
구별,4
깻잎,2
넉넉하다,23
램지,2
매스컴,5
박하,4
범벅,1
붉다,10
브리,2
비슷,7
소스,14
슨등,1
시뻘겋,1
어차피,1
오빠,2
거려,4
국수,36
배부르다,5
실컷,4
어묵,6
자선,2
각양각색,2
구수,1
국밥,3
로써,7
막걸리,36
못난이,1
유튜브,3
장하,7
전이,29
정이,6
춥다,43
호떡,35
환,3
부꾸미,8
수수,10
완자,1
머,30
젓가락,3
쾨쾨,1
평생,7
납작만두,1
해주시,8
호객,26
이모,6
약국,6
불친절,22
차요,1
교포,1
식혜,5
아줌마,13
한인,1
거닐,14
대학로,5
업,18
쭈욱,2
혜화동,2
과정,40
맷돌,1
콩,9
방소,1
틈,15
조금씩,17
기다림,3
꽈배기,3
달콤하다,16
맛보기,5
지침,13
개선,29
바자르,1
적정,4
전형,46
떡갈비,3
술안주,3
비빔밥,33
예정,38
천지,8
칼국수,33
탕,8
원단,18
침구,7
구제,16
열심히,28
활발하다,13
귀금속,5
대각선,2
반찬,30
유네스코,6
종묘,8
상대로,4
결혼,18
결혼식,77
활,9
공휴일,17
조차,3
경쟁,28
권해,5
꾸역꾸역,1
논쟁,3
대세,5
방송,11
벌이,1
보라,8
오묘,3
충무,1
카피,2
가이드,673
미슐랭,3
먼지,19
빨,3
의외로,46
이쁘다,83
전강,1
추,4
팍팍,1
언제나,69
찬곳,3
끼,22
마,12
그중,12
매운탕,12
옛,114
전과,13
추억,115
기름,25
노출,10
옹기,2
대비,69
동,31
선정,7
양은,3
쫄깃,2
칼칼,1
깊다,113
한복집,4
본래,2
여럿,8
오랜,45
왁자지껄,4
청계,4
커피셥갔,1
간신히,2
고기,66
관계자,3
남자,73
단골,10
댕,1
명불허전,5
소고기,10
수북이,1
식욕,3
싱싱하다,17
안주,9
완,3
이서,18
자태,5
장정,1
출장,13
취향,26
탕탕,4
협력,4
럭,2
동행,12
뜻,33
사면,16
서너,2
숲,16
아버지,15
투숙,3
마인드,3
바란,21
이마트,48
일터,1
장사꾼,1
주류,8
한마디,2
헛소리,1
미리,137
정겨운,6
반얀,2
순희,18
트리,13
물씬,14
옛날,95
글쎄요,9
드네,9
반말,1
신용카드,6
정겹,3
가득가득,2
거울,20
색다르다,42
어여,2
골고루,3
대왕,5
바글바글,10
종이컵,1
혼,6
참치,5
뜨겁다,58
가드,60
다음주,2
인심,5
상위,18
어르신,4
티비,22
기타등등,1
뭐,79
맛이었,1
봣,1
떄,7
분식,14
설음,1
채소,21
팥죽,4
덤탱이,1
오징어순대,1
년도,2
동쪽,14
리류,1
면서,14
물가,9
일점,1
자매,9
집의,9
추가,186
폭등,1
대체로,18
돼지,35
복불복,4
부속품,4
아저씨,6
원주고,1
이만,13
장염,1
가판,18
과식,1
중앙,200
노숙자,12
노인,34
맛없다,4
특유,20
소개,96
충무김밥,2
고유,27
옛맛,1
오라,2
장담,2
쏠,5
어디가,11
오직,13
불리,6
성지,17
로컬,70
사천원,1
행복,18
입도,2
동동주,2
공산품,4
광명,1
네트워크,7
도구,26
만물,1
바늘,4
삼만리,1
안내,114
우수하다,118
인지,26
카펫,2
시끌벅적,9
글쎄,4
탓,10
먹음,1
혼수,1
바가지,36
쓰기,12
가나,13
개성,35
똑같다,28
뜨내기,2
우울하다,5
덩달아,2
처서,1
청결,12
파,21
파전,6
폐백,2
소문,13
궁궐,215
해진,6
꺄,1
떡볶기,3
일본,220
아무래도,22
포차,1
할머니,18
핵존맛,1
구리,3
꿀맛,4
낙지,24
웨이,5
이도,2
차로,8
팅,17
곁,7
잡채,12
전보,6
거리음식,1
횟집,14
살수,21
셋션,1
제과제빵,3
구경해,1
친국,1
왕,98
찹쌀,2
가무,1
결과,42
내외,8
내장,16
삼계탕,8
삼합,2
얼,29
오천원,1
척,10
토속,8
톡,3
홍어,2
기똥,1
모시,13
심,9
외삼촌,1
전통의상,6
차하,2
가성,13
더쌈,1
오전,63
이렇게,95
쭉,18
형제,19
순이,8
사드,1
수제비,1
소리,65
아주머니,7
주종,1
글,21
마주,9
배반,1
버쩍,1
시끌,1
양파,6
이날,4
장도,6
조화,31
진리,7
짝꿍,1
짱,37
햇,8
구경삼,5
답답하다,19
지방,22
안해,7
닭발,3
었음,5
인사동,185
관굉객때문,1
국,43
발디딜,4
중국,202
칼제비,1
한때,5
계유,1
수의,64
유명인,11
일품,7
입맛,3
자극,19
잔치국수,1
충만,5
담보,1
무니,3
보관,46
식,41
장사치,1
초심,2
형편,4
도쿄,19
랄프,1
로렌,1
발등,1
버버리,2
시모키타,1
하라주쿠,2
복작,2
시간대,18
잘못,38
싫어하다,12
진입,9
휴일,20
적정가격,1
떡복,4
새삼,4
오랫,13
전집,2
갈아,3
고소,1
돼껍,1
만족스럽다,63
지마켓,1
직하,6
콩국수,1
단팥,1
호박죽,4
닭칼국수,2
돼지갈비,1
뒷골목,4
그동안,8
더구나,2
소재,14
자투리,2
걸이,3
포목,2
이불,8
잡화,29
결재,2
숙성,2
이민,2
복점,1
여행지,18
머릿고기,1
동기,1
꺄올,1
을지로,23
어색하다,15
메뉴판,3
개량,2
동문,7
씨앗,3
여명,1
입,84
중국인,70
침대,9
패드,6
갔더랬지,1
그날,8
꽉,16
닭,14
마리,19
미지,1
방영,1
별의별,1
불어,11
선풍기,2
이열치열,1
훌훌,1
힘,24
코,20
특화,1
한편,27
인근,61
란,20
만족도,11
멋,55
복판,49
부자,19
탕국,1
소화,11
노천,9
놀이동산,2
메이킹,2
소환,1
수배,1
수업,38
의상,137
일쑤,2
천이,3
한재,1
홈,16
캬,1
심해,3
전인,2
토,22
권장,56
감안,5
발디딜곳,1
비위생적,5
생동감,10
껍데기,2
노선,17
마땅하다,7
자차,6
파스타,6
피자,11
꺠끗하,1
복작복작,2
조그맣다,6
허름한것,1
친절,29
원피스,3
불야성,1
깃,4
성하,8
즉석,6
풍,41
간이,4
양쪽,23
중심부,35
덤,16
정은,1
감독,9
팀,24
저녁식사,4
한장,7
낫다,9
녓던,1
다녓던,1
어렷을때,1
엄마따라,1
냥,6
부침개,10
시민,35
예능인,1
잦다,2
특화된,6
프로그램,96
팔뚝,1
공존,9
근래,12
달래,1
소화도,1
이왕이면,3
초저녁,1
옥닥복닥,1
경찰,7
고소하다,5
도핑,2
듬뿍,3
부어,1
사방,21
올린다,2
으레,1
자꾸,8
장터,12
지지,5
집합,6
테스트,15
튀어,1
시시콜콜,1
여느,4
좀더,36
그야말로,7
김,26
면모,1
발걸음,5
생,27
생선,113
선취,1
표정,10
해물탕,1
나누기,6
담소,3
에이스,2
왕순,2
강츄,3
시바,1
만이,2
베겨,1
그저,38
통행,9
남대문,158
배고프다,26
무척,37
민망,4
질서,2
짜증스럽다,1
생태,2
갑자기,14
덕,9
말로,9
멸치,6
밍밍,1
언젠가,7
육수,1
흡사,5
닭강정,4
해동,3
게장,1
양념,7
골,20
좌판,1
려,8
아무리,17
김치전,2
바퀴,25
선지,2
애기,6
연령,38
우린,33
점점,43
할아버지,15
천원,28
터미널,81
과일,52
구석구석,19
복대,3
비빔국수,2
비빔냉면,1
슬슬,4
쥬스,3
커피한잔,13
대도,7
이리저리,2
가보,11
노포,1
편린,1
취급,15
대서,5
각오,6
요기,8
전도,15
찌개,4
회도,2
당황,15
딛,4
특비,1
광교,1
장교,3
매집,1
리기,14
메리트,11
세속,1
의외,3
지라,5
새벽,17
가소,1
대략,16
명칭,4
시세,5
옷감,4
야시장,10
물어,13
행인,1
강요,10
빽빽,4
전략,15
화로,1
지짐,1
도매시장,7
진수,1
발디딜틈,4
밑반찬,3
소박하다,14
값싸다,10
대로,37
미가,6
지미,1
홍콩,28
릉,1
심심,2
가히,3
여러분,23
이자,26
촌,31
토박이,3
롸,1
레몬,1
사이다,1
인분,5
전류,1
보물상자,1
오케이,1
흥,4
사시,11
사철,6
자랑스럽다,23
정취,25
고만고만하다,1
무지,15
볼땐,1
어디서,10
티브이,2
관계,28
와글와글,1
조심하다,1
직장인,10
걱정,59
엄마,46
구획,1
다른사람,1
뷔페,10
회전,13
이하일,1
간전,1
결혼식장,2
놀랬어,2
별미,1
빼,3
따름,2
다모,1
드디어,12
하진,11
만둣국,2
출연,4
전만,7
고려,57
낮다,81
특성,20
가의,9
남매,1
등심,3
땡,2
똥그,1
목살,1
미식,13
빵빵,7
사거리,4
야채,33
왼쪽,73
행복감,2
꼬마,3
유모차,24
적도,4
항시,5
주전부리,4
봄직,1
기름기,1
절임,6
제거,30
듯함,1
사려,18
옷가게,31
점포,23
서문시장,1
잔치,6
청도,1
불구,66
마다,33
보행,1
움직,6
이하나,2
차갑다,72
건너편,42
시끌시끌,2
거슬러,13
위주,33
김치,106
냉장고,12
상온,1
특산,6
한쪽,15
가가,12
곱창,4
문어,37
볶음,6
세코,1
오징어,17
형성,11
가이드북,3
교차,11
구석,17
둘이서,5
메인스트리트,1
본가,1
술술,1
아케이드,10
일인,9
진,46
메인,113
방한,2
창자,2
홍림,1
일밤,1
일요,1
콩가루,2
겨,6
벌써,14
복어,2
색,25
압권,2
장신구,22
갓,15
도넛,6
둥글다,4
마구간,21
비누,5
시험,17
용감하다,7
채식,6
칼로리,2
팬케이크,68
낫,10
덜,59
롤,9
스시,12
팬케익,5
갈기,1
시각,31
약점,1
튀김,27
막장,1
모금,2
범위,42
식품,76
의학과,1
전설,3
죽,19
팥바,6
올드,7
맵다,21
미첼,1
베르,1
실행,48
박,12
인접,42
구이,17
기존,54
닭고기,2
따라서,77
맵,25
땅콩,1
종료,55
마늘,3
부탁,13
캐널,2
부탁드리다,6
어서,67
하드,22
모임,18
설육,1
감사,157
뛰어나다,56
바인드,1
불법,1
인수,6
체류,9
방식,80
블로그,12
라인,90
사냥,9
출시,6
트렁크,3
브릭,8
시경,9
주방용품,9
지도,91
차선,4
패,11
판,21
제한,124
반복,30
직물,19
처리,23
탐색,36
포옹,1
확장,28
비즈니스,41
행상,4
조개,21
주어,15
괴,1
접시,25
칭찬,12
그릇,26
신선,10
원시,21
식료품,49
교묘,1
아내,75
소시지,10
혈액,6
리아,3
비조,2
필리핀,16
개방,49
교차로,2
배서,1
앰,1
이비,2
공개,16
어쨌든,71
클립,10
용량,8
공동,5
난방,10
능력,11
사이드,9
순서,7
기나발루,35
파악,57
불고기,4
인천,28
남영역,3
성공,53
스폿,2
스퀘어,18
타임,27
다행히,16
스테이,21
스톱,7
오버,7
징,23
촬영,159
통한,12
겸손,19
본격,31
수백,37
장면,43
첫,231
단축,8
목,10
설계,78
절충,2
주의,88
보장,9
설명,439
반,99
여요,5
케익,3
확보,5
특수,26
가정,53
공급,57
동영상,25
업체,112
필수품,5
단추,11
섬유,10
동맹국,5
편의점,27
굵다,5
시점,27
예의,10
운하,1
플라스틱,15
마크,16
사운드,7
혁명,1
이선,1
거르,2
셀,27
격려,2
소통,11
의사,25
정의,19
건조하다,11
꽃,81
단면,21
땅,34
일시,4
머리,71
정상,23
대륙,3
나머지,47
때로는,17
조정,14
율,9
점유,6
폴리아미드,1
합금,1
인삼,44
폐쇄된,3
광호,1
벌,7
불쾌,11
제니,1
폐쇄,32
무례,29
미개,1
분할,14
역겹다,4
착각,12
천,27
완성,11
후라잉된,11
끝없다,20
동일하다,67
번거,4
진찌,6
규정,2
분파,1
탐구,11
흥정,52
드레스,54
아일랜드,4
제주,6
티,26
내기,9
테이크아웃,5
꿈틀,4
초보,3
납작,1
마스크,20
식초,1
와인,19
청주,4
음력설,6
가짜,12
조카,26
목요일,11
모듬,2
점심시간,16
모험,31
도토리,1
도토리묵,1
샐러드,8
열의,5
제닉,6
젤리,1
견과류,3
묵,12
아몬드,4
해초,17
협상,37
그래픽,16
다리미,1
동화,16
마법,13
바느질,2
블록,29
서쪽,20
수리,11
실격,2
재봉,2
엄격하다,8
예제,8
장만,3
과자,21
딜,14
꽝,2
당면,1
밉다,68
부산,24
컷,14
감자,5
매매,19
폭,17
보리,4
사정,2
스프,8
쌀,12
벼락치기,3
증가,5
다이빙,5
천천히,71
타이머,8
마지막,174
실현,20
경복궁역,36
망원,13
이란,3
통인,8
편도,14
손가락,7
제스처,4
신체,3
작동,34
행상인,4
감각,45
고요함,19
건조,10
농산물,11
예외,10
냄비,14
부스러기,3
분류,16
스튜,5
아가씨,10
촙드,1
신라면,1
무작위,3
믹스,8
번역,64
보리밥,3
상이,14
정오,17
채팅,4
퍼,6
멍게,3
바다,54
분주,10
오덴,2
공룡,24
가파르,2
계단,68
미끄럽다,5
발판,1
시트,9
청바지,7
커버,45
호주머니,1
남쪽,40
드라이브,13
미로,73
산책로,27
상상,57
스쿠터,1
실사,3
운용,2
콜드,1
대개,11
작성,25
줄기,4
설날,9
봉,29
노른자,2
달걀,1
린웨이,3
쇠고기,26
패키지,37
발효,4
린넨,1
유럽,55
고대,115
나중,67
도어,19
컬,12
한가지,51
회의,19
공복,4
소세지,1
예산,25
폭쇄,1
윙윙,1
채,87
컬러풀,5
스트레치,2
절감,14
지성,2
로웠습니,1
푸싱,1
거래,75
돼지고기,1
이슬람교,1
주장,7
혀,2
집안,8
포만,2
각인,1
노력,68
인내,5
칼,8
흐름,24
손질,10
공용,17
교사,2
방지,15
이슬람,4
정거장,15
홀리데이,4
표준,27
첨부,14
청구,20
촉구,1
도달,20
숙녀,17
치열,8
수영복,2
통합,18
남편,81
무슬림,2
역할,27
문명,2
요점,2
일년,20
쾅,1
탤컴,3
파우더,3
가장이,2
절,24
늦,1
감정,34
기팬,3
깊이,34
주일,5
주의자,2
필요성,5
섹터,1
약제,3
차별,7
견과,1
시리즈,16
유사,13
부와,6
시즌,47
월력,2
계란,3
물리,5
비취,2
사우나,4
참깨,1
큐우,1
소비,24
주방,23
날짜,35
용기,19
운영,106
체제,3
행복하다,72
냉면,9
선호,22
생선회,18
위장,5
호박,3
그로,2
독자,2
마란,1
말레이시아,9
분리,8
스카프,3
실크,1
안녕하다,15
조각,151
파사,1
파항,1
허브,21
괴한,8
앤서니,4
징후,9
격,13
데스크,22
리셉션,7
봉오리,1
제안,51
진미,1
시즈,1
열광,7
스토리,48
취소,14
표지판,56
중요하다,151
클라이언트,2
칠기,1
배열,8
숙신산,1
자수,14
코비,1
플런,1
기꺼이,14
복합기,5
씨,12
온도,10
초연,1
변환,17
았,28
어요,85
랩온어칩,3
스트림,5
이점,7
자석,6
재단,8
정육점,4
핀,5
관절,3
절단,2
족,11
호,18
패티,3
옥상,44
살이,5
에스,7
트래프,2
확,5
꿰매,1
번드르르,1
주둥이,1
해물,6
간장,5
번성,2
팥빙수,2
비트,18
쓰레기,10
중고,19
책임자,8
가랫날,2
홉,2
우브드,1
색상,47
열렬,7
침,6
향연,6
조언,32
노랗다,8
샤워실,2
트립어드바이저,11
도둑,3
잔,30
전화,87
측면,42
휴대,32
링,9
오이,2
플리커,5
녹색,23
대나무,4
징수,2
활선,14
과도,3
매니아,15
모,11
베이,19
울드,1
축봉,1
쿠키,3
파올리,2
유치,18
그러면,19
기술,102
배지,2
상담,11
우산,33
장애인,8
중인,22
공중,2
그나저나,5
소동,2
시시,7
짤,2
공,27
낭만,16
립,2
부관,1
영문,16
오프,12
제어,51
매뉴얼,7
봉투,5
불가능하다,25
비닐,6
언니,8
오른,2
조지아,2
동포,10
특권,4
티백,4
경유,9
손수레,2
이의,7
질적,2
하룻밤,5
지출,55
톱,8
물고기,74
수량,7
핫팟,1
나이트,10
장기,8
휴가,52
끝없이,3
미팅,3
받침,2
수십,17
리스,4
사시미,6
쌍,25
양말,28
오행,1
우류,3
의식,75
장치,58
정장,5
문자,33
정통,20
로고,5
느긋하,15
밀리오레,30
오프너,4
의약품,2
잼,9
부,41
흥분,22
가로,18
싱출구,8
여정,9
캠핑,2
하차,14
결,19
누가,20
무늬,8
아야,7
고추,5
라이스,6
실속,10
연고,1
경련,1
대다수,8
돌진,4
트럭,20
고투,4
환기,9
환승,13
갈래,1
질도,11
부쩍,5
스테이션,15
자칫,3
근접,6
향초,1
리뉴,8
고속버스,8
구가,10
대리점,2
분식집,1
악,12
커피샵,27
핸드폰,15
뉴코아,5
며,7
성북구,1
하기는,14
학교,87
박치기,1
끝판,3
살때,4
일차,2
고토,5
닉,11
락,3
마모,2
번의,7
플라자,34
핸드백,14
구두,12
경로,21
정류장,37
정차,3
터널,17
랙,2
논법,1
선전,9
쇼퍼홀릭,4
합,17
돌,31
주요한,6
태도,12
환불,14
이화,7
난쎈스,1
땀복,1
맞춤법,2
장식,61
종교,9
크리스마스,24
플라워,1
넌,26
라운드,30
스트레칭,2
원스톱,2
카운티,48
펠맬,8
별관,5
본관,18
본점,67
이오,2
메장,1
경하,1
네이션,2
왓,5
일루,2
일본인,39
비둘기,5
명실,7
상부,6
푸트,2
전시관,88
지방시,1
헷갈리다,19
든든하다,2
속초,2
스벅,2
싱겁다,1
엄지,2
음미,1
이정,6
코디,1
퀄리티,42
그라스,2
대별,2
봐와,3
상품권,5
증정,2
행사,128
제육,1
왓어,1
회현역,16
떨이,2
수퍼,10
을지로입구역,7
갤러리아,12
리노,14
션후,2
윗층,12
롭긴,1
도도,3
숙련,6
양분,1
응대,9
입지,13
차별성,2
관도,8
리뉴얼,28
경성,2
구관,7
명맥,2
미츠코시,1
불하,1
신관,8
어온,1
었던,8
왕래,4
일제시대,15
자칭,1
적산기업,1
증,5
이래서,1
헤맷음,1
유통,8
트렌드,17
핵심,12
갑,4
알찬,33
오브,4
옥상정원,3
우리은행,2
주차공간,15
마케팅,6
컨셉,25
한국은행,9
상냥하다,5
신셰계,1
호젓,2
매출,4
수로,1
월등,4
자부,3
제격,8
풍기,6
폭도,2
그나마,15
독,15
동점,2
루이비통,6
적립,8
적하,12
캐쉬백,1
하나카드,1
백도,1
자재,16
후리,1
장의,9
참기름,2
멀뚱멀뚱,1
면제,4
서류,3
점원,15
코더,1
한나절,4
화물,6
리프,5
선물가게,9
수속,3
아펠,2
에리,1
일지,8
자택,1
조달,3
버터,4
브라우니,3
빵집,12
십,14
마커,4
티나,2
여권,31
항공,11
혜하,1
홀,86
랜드,29
삭스,2
바라지,1
니스,9
델리,1
오스,3
치즈,9
경쟁력,9
라벨,4
로랑,2
롤렉스,1
반대편,7
발렌시아,2
서구,4
셀린느,1
스펙트럼,2
신축,3
에르메스,3
우세,3
강타,3
무르,1
밍크,2
소년,15
시오,10
웨어,14
현관,2
나이키,9
샷,14
아디다스,7
본토,8
엔드,16
하이,29
명령,5
범,2
부인,8
수거,1
오류,6
인력,13
캐리,1
판매원,8
교통량,1
명백,16
명확하다,40
법정,3
부티크,35
스토어,41
인도,28
출입구,11
셀렉,1
식량,4
재판소,1
대도시,4
대리석,5
드물다,9
매끄럽,3
부문,8
블링입니,1
영국,22
집착,4
사치품,5
세금,34
코미디언,1
환급,17
상표,2
유효,5
전국,12
부띠,7
클래스,20
독창,20
크래프트,3
금강,1
사무실,23
요청,32
갈비,2
베트남,28
연상,15
이탈리아,11
차우더,1
케,7
콤보,4
프라자,10
거부,11
대답,17
신사복,4
어머니,20
통화,17
회신,3
의무,5
강조,28
기금,3
세심,6
진급,1
메이시스,1
세트,28
아그라,1
유수,3
카레,5
피난처,1
사바,1
폴란드,5
개점,1
불행하다,45
비행,12
식별,5
잇따르다,1
출국,8
비록,47
초월,2
틀림없다,9
남이섬,4
드롭,8
지식,57
편안함,12
깨끗,10
부서,14
하라,22
서나,13
네덜란드,4
멕시코,5
사촌,6
신라,39
웨이터,2
웨이트리스,1
명동역,9
공손,10
동료,15
엔터프라이즈,3
직장,8
프리미엄,13
각국,11
금,23
다중,8
재킷,24
관리자,4
어도,3
영감,13
의도,19
갤러리,113
날카롭다,5
라파예트,1
밀라노,2
솔루션,7
코르,2
코모,1
파리,16
해롯,2
두값,3
살림,1
직선,5
라인업,3
당초,3
상시,15
시간관리,1
애시,1
의기,3
자금,7
영등포역,15
보도로,1
행자,1
확률,3
경계,6
테두리,5
산재,2
이함,1
팝업,17
기전,4
단단하다,3
반대,19
아이콘,5
외식,5
차례,19
전철역,7
연겨,1
있떤것,1
읍니,3
일렉트로,1
잡,12
라이언,10
조형,27
되게,20
날때,5
배분,2
조합,17
간김,5
모모,1
성실하다,2
조식,4
짜임새,5
커뮤니케이션,4
있을껀,1
지옥,7
유흥가,4
계층,3
넒,1
여전,2
왁,1
자지,3
메리어트,16
배려,7
수선,14
밥값,1
동원,1
지하도,8
소윤,1
침착하다,2
모던,20
초행,1
오락실,2
오신,10
전동,1
층층,4
소도,1
일대,9
멀티플레이,1
낙후,2
장단점,2
지리,13
매리엇,3
방콕,9
소이,1
야드,12
윤락,1
카우보이,1
코드,12
퇴폐,1
면적,10
안성,1
일수,4
재래식,3
슈,3
오기,46
적합,6
지난주,6
곱다,10
비올,3
최,13
마비,1
만석,5
스타벅스,12
병원,8
코리아,13
퍼레이드,14
메드포갈릭,1
서부,4
어김없이,2
차기,2
트,54
구경만,12
패밀리,4
꼽,3
시기,31
차마,4
커피숍,45
스무디킹,1
영수증,12
이상은,19
정산,3
합산,2
미터,15
배신,1
역쪽,1
전문점,6
계열,7
기성복,1
다수,16
쉐라톤,15
계절,66
철로,4
망고,4
메이,11
목표,12
바겐세일,1
인포,9
책자,13
프랑,1
노스,8
자라,14
최후,1
타임스,2
페이스,7
황후,3
것일,5
문래,1
빨갛다,10
운동화,20
직행,2
폐쇄되어,1
두렵다,8
타임즈,2
태양,14
점수,7
경주,7
혈통,2
카운트다운,1
식료품점,3
엘이디,4
폭포,8
노이즈,2
방사,1
엽니,11
분산,11
열차,18
자동차,37
돈까스,5
링스,1
세븐,2
아비코,2
찜닭,1
게으르다,1
던킨,1
도너츠,3
부착,2
배회,18
질리,7
통과,48
벨,2
월마트,1
타코,3
확산,5
운동,28
마당,50
뽀얀,1
성서,1
울트라,2
가산,8
계,6
당시,59
뒷면,5
무인,3
셀프서비스,1
스피커,12
양품,1
유니클로,23
출납,3
경제,19
나파,1
로렉스,1
밸리,2
산업,10
웃음,38
처,28
프라다,4
하단,3
퍼센트,4
가로수길,98
문의,10
상권,14
암청,1
애플스토어,3
임대,12
젠,47
산책길,5
스트릿,5
신사동,14
별별,2
세로,13
수길,4
뜰때,1
프랜차이즈,23
대명사,1
원조격,1
젠트리피케이션,3
미성,1
신사역,7
스팟,9
핫핫,2
공실율,1
절반,23
스토,1
애플,14
천상,2
체인점,11
억지로,4
거리화,1
망조,1
수려,3
심심찮,1
외모,2
임대료,2
퇴색,6
프렌차이즈,2
녀,3
부촌,3
신분,14
신하,4
정비,12
레쉬,1
산서,1
스미스,3
연어,19
장물,1
에쁜곳,1
힐링,42
뒷쪽,7
편집,30
피플,4
영광,18
압구정역,6
트집,1
낯선,5
브런치,6
가로수,17
간간히,5
뒷,11
구격,1
킬,3
곤란하다,2
구체,5
각자,10
다닥다닥,4
숍들,2
숖들,1
고즈넉,43
스파,20
놀랠,1
만요,5
붕대,3
성형,10
엇음,1
이즈,5
프렌,5
인스타,4
닷,1
진출,2
변화,121
패피,2
거닐면,2
센스,8
힙,4
매달,8
민감,8
트랜드,2
감소,7
닉네임,1
리제,1
믈론,1
상제,1
외과,4
유쾌,17
축소,14
화가,20
블,2
자그마하다,5
잔뜩,23
강점,5
수월,7
신호등,2
알래스카,3
화창,27
노가다,2
랩,3
선도,2
스페인,7
장작구이,1
묘,7
외지,2
틀림,1
샾들,4
유,8
적막,1
강남역,33
몽리,1
사이사이,4
소개팅,1
세컨드,1
시르다,8
엘,5
큐브,13
파네,2
핑크색,4
경리,3
사의,14
성수동,1
플래그,14
한남동,16
대기업,16
댈러스,1
바베큐,15
바나,1
신생,1
개개인,1
강한,1
브아룬,1
은행나무,3
케릭,1
프렌즈,18
신구,4
중학교,5
특이점,3
흔치,3
세컨즈,1
홀리스,7
로만,14
초창,2
강세,1
과언,7
슈퍼카,1
격상,1
모처럼,8
불금,1
스스로,28
심플,6
쫙빼,1
대만,17
별거,6
생동,1
이태원,96
재미나,11
패셔,6
그리스,3
터키,2
한가로이,2
에전,1
연속,8
중심지,21
저녁때,5
부리,4
허세,1
멋쟁이,3
집합소,5
찬찬히,5
그립다,20
전의,18
잠,8
골목길,21
스틀릿,1
트렌트,1
무난,8
기네스,2
맛탱,1
쎄떼,1
샾,2
범죄자,3
인산인해,2
디져트,1
마시기,11
김치찌개,1
닭똥집,1
조그마하다,4
커피전문점,1
로드,15
그로테스크,1
포커스,1
불과하다,4
재생,30
전락,2
풍문,1
흉내,1
남지,3
무곳,2
법,21
소멸,1
에피소드,2
요지,5
이슈,1
차지,12
탄생,14
상실,2
스팍,1
대가리,1
죄다,5
강북,6
닐,1
바렛,2
스튜어트,1
포에버,1
암튼,3
옷집,1
쫙,2
고트,1
다운,32
삼청동,56
행렬,11
별건,1
안성맞춤,8
출몰,1
시그마,1
뒤쪽,18
촛점,2
모델,61
뿐더,1
수다,3
깝,1
다이닝,2
마마,1
별다르다,4
텐트,5
정해,3
국내외,5
멸종,1
칭할,1
버라이어티,2
곧곧,1
달랐,2
몫,4
강약,1
거니,3
세련,4
세일,20
옆길,1
조절,5
개조,12
노리,4
더듬어,3
하염없이,1
스킨,20
윈도우,10
케어,18
대조,5
보조,5
스트립,3
사교,1
사슬,1
길가,14
독립,28
엘리트,2
목격,10
지배,6
구시,5
매치,1
아키텍처,173
적당,2
길버트,2
분기,6
아카시아,1
탐사,2
햄버거,3
몬스터,3
부드럽다,14
뷰티,7
세부,78
사과,5
산다,12
녹차,8
분실,6
북촌,68
무겁다,20
롤링,1
편리,17
강,24
선글라스,7
얼굴,36
착용,61
라떼,9
바닐라,2
카푸치노,1
느리다,12
속도,37
그램,15
깡총,1
바나나,3
인스,16
비벌리,1
사람인,4
악명,3
캘리포니아,1
힐즈,2
복귀,1
네일,2
깅코,1
창,18
항저우,1
회포,1
수술,3
안국,6
돋다,19
붇,16
딸기,2
화장,11
등급,10
아이피,2
교체,11
그러하다,15
소모,10
손실,22
히피,1
창의성,14
청담동,8
태그,8
정합,2
작년,32
주력,5
아밀라아제,1
올란드,2
장진,2
버거,4
조인트,3
나뭇잎,3
이타,1
오늘,49
잎,18
의제,2
페이,6
단부,12
어둡다,12
홉핑,1
모드,4
사업,18
애인,6
제발,4
복역,2
일식,8
중식,5
가로등,1
강변,13
고수,3
낙엽,8
노란색,7
리버,4
물빛,1
수하물,10
일생,4
최첨단,4
한자,6
궁금,5
측부,2
간의,15
씰링성,4
엠,10
체증,4
리츠칼튼,1
덕후,1
셀카,6
인생,31
토끼,3
보드,16
브라운,11
그거,6
랜즈,1
슬프다,59
카카,2
카카오,27
홍대입구역,1
휴대폰,21
역점,2
원점,3
이태,2
갈색,16
로서,39
모르거나,1
요컨대,1
이상인,3
군대,40
크롤,4
펜,4
원뿔,2
콘,7
봉제,1
아빠,12
정시,1
빅,6
곰,13
근본,6
로주,1
사주,3
승인,1
프렌드,3
상품화,1
서명,13
인내심,13
헤,3
농담,13
달러,37
부하,9
기차역,42
오만,2
검소,2
공통,10
증명,5
램프,9
우정,2
운반,5
입상,4
자기,27
전선,1
추종자,2
파자마,2
메시지,18
선생님,15
정면,7
멤버,6
며칠,22
부풀리기,1
풍선,2
셀프카메라,2
심취,2
배경,134
지체,2
천사,13
가습기,1
골방,2
광원,2
담요,3
두툼,1
매트,3
선수,7
현명,15
순례,2
칠,15
테디,8
대괄호,11
업로드,7
정교,16
혁신,18
매년,18
도심공항,1
맏,1
부지,68
강연,3
앍,1
주년,14
찰영,1
축하,13
홧풀,1
봉은사,10
청담역,1
돈키호테,1
삐,4
쑈핑,1
너무넚,1
라커,4
레거,1
별빛,2
약도,1
상징,32
냉장고바지,1
렌즈,8
밀리,3
신식,3
차원,23
치중,1
고풍,26
대학가,1
리트,2
열악하다,3
료,35
스몰,2
유실,2
파르,3
마음껏,11
메가박스,8
초반,5
게다,1
부럽다,8
충북,1
와중,3
천고,1
친숙,3
하나요,4
느,2
업무,25
해리포터,1
일자,3
탁,13
한동안,5
복잡,10
년대,40
마진,1
쓸데없다,3
었으,5
엉망,9
위차,1
점임,1
주체,4
한계,8
믿음,5
용도,14
정전,3
하강,1
개보,2
된거,4
산뜩,1
전시장,84
하남,1
화랑,8
도대체,2
도저히,3
메인스트릿,1
이정표,3
자칫하면,2
시정,1
최고봉,2
지기,2
첫눈,1
펑펑,1
묵고,2
인터,17
컨,20
호델,1
페북,1
에어리,1
통일,8
하얀색,1
혯갈리,1
멀티플렉스,2
계곡,3
과제,17
방학,23
정류,1
쵝오,2
발렛을,1
오크,7
우드,6
이오나,1
안내소,3
최상,20
코액스,1
엄공,1
믾아,1
적응,6
목적지,8
본인,10
눈앞,6
리빙,2
시반,4
지름신,1
페어,6
헤멜,2
박람회,12
대의,13
얼후,2
메박,1
콘텐츠,10
두번,3
저번,5
캠,4
키덜트,3
헬리,2
현,13
아셈,1
출근,1
트레이드타워,1
덜덜,1
뻥,3
안고,4
압박,2
가미,3
괜히,13
묘미,4
부딫히,1
우체국,7
단연,10
앱,48
고스,6
순,30
학창시절,4
널찍,6
환하다,2
놀람,6
레노베이션,1
소로,7
손색,13
수입,34
사찰,11
지척,3
합격,4
대학생,8
심야,7
조조,2
관계없이,9
무었,2
웬,2
요원,71
일어,7
전야,1
참석,23
카운트,2
단어,24
돌풍,4
동의,18
일회용,3
천정,4
경제학,3
복제,39
선반,8
행동,18
강남구,8
공공,14
앞쪽,9
박스,18
사원,63
아트,171
카지노,4
컨벤션,7
더미,4
친,28
항공사,6
수천,32
처분,1
프랑스,15
렀습니,2
컨티넨탈,2
미용,15
빡빡,5
문앞,2
발리,1
세션,16
외침,1
파파,2
양질,14
한가운데,19
단조,1
별도,36
리바이스,1
소장,29
키타,1
트레이드,2
개별,16
나스,2
맥도날드,4
프리미어,2
피곤하다,28
혼동,8
앵커,1
문서,23
표,51
그린라인,1
모뉴먼트,13
화면,50
롤러,6
브로,13
셔,14
중산층,1
코스터,8
성수역,3
라우팅,1
선분,1
건강,8
기사,12
지하철도,5
프로세스,12
오아시스,15
이중화,1
미래,41
동축,1
선릉,1
소요,49
김포,1
입국,4
그린,15
랙티브,6
오렌지,14
플랫폼,7
경,12
유령,4
중소기업,1
싫증,2
심술,1
개요,35
증엄,2
참가자,4
뽀로로,5
시차,5
하되,3
오락,10
감명,8
아메리카,2
반값,2
버킷리스트,3
열한,1
탈출,157
베이커리,8
개발자,1
클러스터,6
프론트,15
전달,19
밑,18
챔버벽,1
부용,1
평면,85
건담,3
권리,4
루트,4
베이스,5
몬,3
린다,8
체크아웃,13
인터컨티넨털,1
퀸즈,1
리무진,3
배정,2
연관,2
인사,22
탑승권,1
호출,2
천박,1
보수,23
잠재력,3
중이었,3
인증서,1
어딘가,10
확실,4
역타설,2
마칸,1
여동생,8
촌스럽다,4
부엌,8
색채,6
일광욕,4
견,4
메트로,11
빛,26
소위,5
쇼팅바,1
연사,4
연안,1
울창,1
창동역,1
코스트,3
파퓰레이트된,2
하천,1
형상,5
광대,51
하얏트,3
퍼팅,3
절환,2
레이,22
스컬,2
인셋,1
공포증,6
교반후,1
정작,4
플러스,13
테,10
레비,1
음악가,3
물키,1
완제,2
지루,13
짜증,14
순수,2
일부분,5
동작,6
살롱,2
에스케이,1
검토,21
두운,24
밀실,5
불완전하다,1
불편,17
에어컨,28
질량,2
티타늄,2
업데이트,11
건설,13
디스크,2
베르사체,1
육상,1
접속,7
개구,10
기일,1
오프닝,3
형,29
개막,1
드레,2
모멘트,1
인용,5
콘센트,11
일원,3
재미없다,5
렉스,5
협약,2
모듈,1
씨지브이,2
아니메,1
유희,3
웨스턴,5
승선,1
엽전,20
전자렌지,1
통인시장,20
조선시대,59
도시락,45
가다가,5
촌쪽,2
닭꼬치,1
가맹,1
이스,3
현찰,1
개입,3
미숫가루,1
양도,5
애,56
효자,1
꼬치,4
머꼬,1
옆전,1
충당,1
식판,1
진퇴양난,1
기때,1
성수,8
함정,13
화폐,20
유서,6
지킴,1
청와대,51
두껍다,8
국물,3
마침,14
보가,1
큰길,2
토큰,7
고추장,1
아무튼,8
연근,1
가루,6
기념,116
버무린,1
정기,18
꼬막,1
둘레길,2
옳다,3
인왕산,8
정준하,1
미술관,534
동전,24
런치,3
상당,8
코인,3
트레,7
꼬이다,3
생맥주,1
슬러시,1
통인동,4
분도,12
측정,5
컨테이너,34
구식,7
만도,2
원화,3
코기,1
일종,12
감기,11
우호,2
토키,1
히프,1
닭튀김,1
식기,6
식수,4
자가,7
크런치,1
포인팅,1
힌트,22
공평,2
행운,15
지급,2
터치,22
군침,2
오믈렛,2
파트너,14
았습니,9
무시,16
라테,10
스톤,10
화요일,54
텍스처,3
포도,3
무한,4
식해,1
탁반,2
원본,11
막대기,3
소프트,3
스톨,3
엔트리,11
줄무늬,1
홀더,2
흑,10
초대,16
마장동,2
축산,2
도축,2
부위,2
비린내,6
우시,3
진동,2
마장,7
질의,6
된장,4
무용지물,2
사르르,1
신선도,4
유아,23
육즙,1
입안,4
줄줄,1
찌게,3
퇴근,9
피로,2
한우,6
환풍기,2
구어,1
노량진,80
수산시장,41
용서,4
피비릿내,1
상차림,8
형식,13
남대문시장,37
마장역,1
그릴,10
숯불,2
았던,1
웠습니,6
쟁반,1
페니,1
국산,6
균형,10
마블링,1
마얀,1
악취,4
육류,5
단철,1
상처,4
스테이크,2
위압,3
제자리,1
푸줏간,1
그럭저럭,11
총,38
흉,1
부정,9
비어,23
옆면,1
교섭,13
오십,6
최상급,2
가신,4
곧장,4
슬,8
좌회전,3
초등학교,12
선의,3
싸구려,6
메밀,3
바비큐,5
부과,12
애피타이저,1
와이파이,16
정렬,5
콜라,2
기관,14
난로,1
아미타,1
채식주의자,2
허벅지,1
구글지도,3
수산,82
자연,92
향신료,2
상의,9
녹,2
메타,2
쇠,3
시딜,2
육식,1
인텔,4
크릴,2
절흠,1
거저,3
삼천원,1
갈치,23
문연,2
조림,14
계시,5
힐튼,4
낯,2
맍지,1
안경,25
맛골,1
최소,48
솔솔,3
응,4
나시,1
마로,1
힘겹다,1
한지,12
깍,3
시청역,9
아동복,11
이기전,1
이기하,1
생필품,6
수입품,5
곡목,1
금융,12
제곱미터,1
정겨움,1
백반,2
안경점,5
논,3
변모,3
세기,71
시전,1
조선,99
소변,2
보따리,2
시골,8
제눈,1
수박,1
떡하니,1
대변,2
뚜짝,1
씬,3
태국,9
훨,3
예나,1
다닥붙어,1
메골,2
만두국,1
장구,3
초입,3
중국집,1
집기,1
넘버원,1
도깨비,5
어번,3
청국장,1
간장게장,1
아가,1
뎅,2
브르,1
찰밥,1
스노우볼,1
굉,1
불가능,6
기업은행,2
기류,3
십년,4
왕만,3
외제,1
쉬엄쉬엄,4
문구점,4
씽,1
알파,5
여컨대,1
오피스,9
카페트,2
순전하다,3
고향,10
만발,3
주렁주렁,1
피부,13
호기심,19
꼭꼭,2
먄,1
찐빵,1
강원,1
막내,5
식도락,4
진주,4
포진,4
숭례문,4
여행가,6
책갈피,1
타이페이,2
가정식,1
밥상,3
퍼블릭,1
미안하다,4
포크,1
기네,2
만해,17
틀임,1
보심,1
서요,2
혹시,9
무궁무진,2
남해,1
김이랑,1
젓갈,3
라이터,1
꼼장어,1
뜰썩,1
부속,4
수육,1
일기,1
검은색,3
검정,1
검정색,3
명색,1
사촌형,1
샤츠,1
소비수준,1
어쩌나,1
연락,7
와이셔츠,1
우여곡절,1
재례시장,1
고해,3
남짓,3
로엔,1
얼음,110
평,3
지하수,2
거림,3
인간미,1
꼭방,1
문하,2
동남아,6
뿌리,4
진생,1
화의,6
부림,1
배뻥,1
고등어,3
보험,1
예상외,5
출동,3
굿,23
모피,7
국민,29
국보,43
만점,6
위국,1
퇴계로,2
호인,1
건어물,14
동복,1
일용품,1
득템,14
보드카,1
앱솔,1
쿠엘보,1
푹,10
호세,1
디동,1
외쿡,1
혹은,24
방안,8
어필,4
상술,1
뱍화점,1
워,7
찿,2
청겨,1
막내딸,1
엘사,1
생전,2
지인,13
코코넛오일,1
리스터,1
리어카,1
통역,6
흡연,2
룰,1
전취,1
폐점,4
정신없이,3
발품,7
빨강,4
외투,6
청년,6
끈질기다,1
돌솥,2
비비,1
선글래스,1
어려윘음,1
마땅치,6
동사,1
류등,2
구경만해,2
가겍,1
로션,1
바디,4
괞찮아,1
세번,10
가전제품,4
견학,31
농,2
담당,2
민예품,2
세리,1
수산물,18
악사,1
일용,1
밀접,1
가주,1
백발,1
소핑과함,1
식폼,1
사장,14
여념,1
아메,2
순환,2
핫도그,2
호빵,2
근시,1
어시장,19
워킹,5
조끼,2
드문드문,2
안심,12
재건,9
화재,6
약관,1
장비,57
투,9
동맹,3
수용,19
투표,3
일레븐,1
골드,6
제품군,5
빛과,3
설탕,1
일어나서,7
당근,1
외곽,9
카트,9
하이라이트,62
학습,79
위협,4
미소,21
숨,24
싱가폴,3
옷가지,4
일부인,5
일전,2
글로벌,8
마포구,3
가파른,12
고정식,2
광,32
꽃집,2
처방,2
남문,4
복,39
홍삼,1
밤이었,1
윙크,2
사냥꾼,4
아래쪽,9
단일,13
머천츠,1
수압,1
하이킹,3
보물,51
사우스,7
시가지,1
이스트,8
피램,2
헬프,1
슈즈,6
스펙,1
캠덴,1
하우스,55
할당,23
브로치,3
먹이,1
계산서,1
만들기,18
여인,2
딤섬,2
가입,25
민속,236
여분,14
특집,3
비스킷,1
홈플러스,17
횡단,3
#로,1
케밥,2
배관,2
조리기구,2
기어,6
무질서,6
특별,102
체육,1
하얗다,4
질문,38
해조류,1
시월,2
계피,1
롤빵,1
구성은,6
구멍,11
소식,8
탕통,1
범주,6
스웨터,7
스냅,15
끈,7
비단,4
소란,5
웨스,2
틴,3
가능성,23
완수,1
서울대,8
주시,6
레깅스,1
바지,12
의학,4
중점,13
배양,16
분주하다,10
코스트코,6
선륜,2
밸류,1
속스,7
포괄,24
탑스,2
향토,1
레싱,3
스무디,3
웨이퍼,2
세팅,2
스케줄,25
코어,2
가리개,1
시음,1
젖꼭지,1
등산,6
싱크,1
유니폼,29
주저,7
채택,4
축구,25
넥타이,1
정규,2
벨트,4
개밀,1
절의,1
기계,27
공정,15
죄송하다,12
홀려,1
미화,8
토미,2
힐,7
내면,9
설,11
페이트,1
매핑,9
민,3
물물,3
수요일,39
중대하다,8
킬로미터,3
호킹,1
한낮,6
출발,13
약하다,10
오산,2
강탈,7
모조,2
세대,16
속담,1
보행자,6
아드,1
불규칙,2
에펠탑,1
특이,4
현실,52
버그,2
추세,4
가발,2
세이,7
대대,4
거청,3
선쌍,2
어표,2
센트럴,6
배낭,6
넘침,3
현상,17
북쪽,35
낡다,22
즈음,8
짝퉁,5
사회,27
빌어,2
골동품,26
세라믹,9
압조,2
주철,1
아메리카노,2
피크,11
거품,4
팔이,2
의존,2
저열,1
방대,11
압입,1
널리,7
마이너스,5
모조품,3
성곽,7
겔화,1
실수,19
케이블카,1
입다,1
게스트,6
환전소,7
턱,8
다발,4
동생,23
소음,15
건강하다,7
덕수궁,43
불허,1
비만,2
생물,25
습관,3
인간,17
해양,2
칠리,2
허니,3
로넬랄,1
속옷,9
굴곡,2
연구,24
오토바이,1
노하우,1
열대,2
팬츠,1
북미,4
튕기,1
훌래쉬,1
빨간색,6
일명,3
동일,6
오늘날,16
유입,2
제조업체,1
효과,59
전전,4
파란색,15
타이어,1
공화국,6
남아프리카,1
불완전,2
슈우들,2
페이스트리,1
해킹,2
단화,2
문자열,3
사부,1
언쟁,2
부응,4
불필요하다,5
크루즈,7
대추,3
도기,4
파라솔,2
내리막,3
오르막,6
용산,81
의치,1
해치,1
레인지,4
미드,6
용어,1
긴급,1
나일론,2
볼품,1
소비자,5
신,50
에어,4
예기,7
원치않다,1
조잡,1
폴리에스터,1
거동,1
페소,1
호스트,8
구글,7
절로,9
출시일,1
초보자,6
구색,4
런인,1
재질,5
리오,1
이틀,9
중복,3
공관,1
주지,14
즐겨찾기,3
겁,7
기산,1
언덕,34
구면,1
프레임,12
제작,21
표면,1
왕궁,172
미안,2
추진,2
합의,5
비아,3
서버,1
일컬어,1
도울,3
악하,1
포스트,5
간격,12
욕망,3
황홀,12
미각,2
꿋꿋하,1
서치,2
란제리,2
머리띠,1
수명,9
출현,4
일일,7
몰드,10
수색,1
협박,6
호울더,2
가감,1
나볼,10
비판,3
스탑,3
융성,1
일곱,1
중단,6
철도,11
연봉,1
구레,3
자질,5
알리,6
분노,2
사전,51
하여금,1
바베,4
사상,10
염려,4
장벽,6
봉사자,14
원더,4
이득,6
자원,27
쿨러,2
고사,1
피복,3
꺽,1
화분,8
하측부,1
해제,8
역촌,1
지극히,1
한식당,2
운동복,3
꾸리,1
사막화,4
파우치,3
명시,4
열혈,1
지다,4
캐리어,4
호사,3
얻지,5
너트,1
명목,1
성격,6
냅킨,1
영상,40
정제,1
샘플링,4
젠티,3
하중,4
우리말,3
원료,2
풍부,6
바겐,5
샤넬,5
뻔뻔,4
운전사,1
장시간,1
여파,3
코로나,4
델,1
쌈지,21
루프,7
네임택,1
빙,2
나선형,9
네모,2
던데,2
생겻,2
흐뭇하다,1
도면,3
시드니,6
훑어보,1
랍니,6
방도,8
방이,34
비즈,4
체험학습,10
꿀타래,1
똥,21
솜사탕,2
일열,1
길쌈,1
승리,7
세운,8
웃기,4
진짜진짜,2
비스듬,1
스티커사진,1
러버,1
공방,8
무방,4
칭,2
교육,230
번창,8
예쩐같진,1
장악,1
도장,7
뱅뱅돌,1
거물,1
직합,1
경사,8
다채롭,3
똥빵,3
중정,3
더러,2
절도,2
조계사,1
종각역,5
오밀조밀,2
구조도,9
와볼,5
달기,1
자물쇠,7
기질,1
쌈,2
에드,1
울긋불긋,1
개최,25
예브,1
백미,3
남녀,14
노소,10
부족함,11
연출,6
레프트,1
잼난,1
공신,1
둘레둘레,1
일등,1
재치,3
피해,9
신진,3
기왕,2
기하학,4
담장,4
맨위,1
팻말,1
하트,1
예븐,1
삥,2
안국역,10
솟대,1
구태의연,1
기여,6
불쑥,1
심혈,3
연습,20
연하다,2
허영,1
꽉꽉,1
차서,8
언덕길,2
아사쿠사,1
톡특,1
모르겄,1
감흥,6
업종,1
이색,24
조그만,3
공헌,2
망치,5
옹기종기,1
겨냥,4
문턱,3
비도,3
단맛,1
약과,1
원형,5
은별,2
안뜰,16
워크샵,3
창의,12
다이얼,1
뮤직,5
사양,2
청중,2
끊임없다,14
기발,16
초상화,7
소수,10
캐리커쳐,1
마스코트,3
생산,4
쿨,6
비뚤어,1
선잠,1
왜냐하면,12
쵸콜렛,1
퐁퐁,2
실생활,2
사다리꼴,1
감탄,31
낙서,4
미술품,20
토핑,1
고궁,207
창조,21
앤티크,1
서서히,3
유일하,13
슬로프,2
자바,3
원작,2
워크숍,2
저택,30
의지,8
선인장,3
벽면,7
분해,7
전위,2
프로토콜,2
트랩,5
그라피티,1
요일,6
큐트,4
수준기,2
오솔길,1
코르크,1
크류,1
타입,5
구불,4
로즈,1
스웹,1
촛불,2
착체,55
시대,156
증오,2
강유전체,2
미술가,1
중견,1
지능,7
화상,4
놀란,9
상단,7
절경,6
스케치,5
프로젝트,9
측,2
장관,20
세입,2
해프닝,1
창문,10
본문,1
빌드,3
소설,6
기념비,47
어리석다,26
안과,8
독특,3
롭,23
님,1
정관,1
현희,1
영,28
페스,2
거립,1
중국사람,3
윗증,1
봉피,1
토기,2
할인헤택,1
수록,7
근성,2
썩,5
차량,68
회전초밥,1
회전초밥집,1
조만간,4
증축,1
곤혹,1
인지도,4
커피잔,1
득실,1
장난,13
세월,5
문인진,1
애비뉴,7
격인,1
유심,1
청량리,2
해선,1
형님,4
고마움,4
나날이,1
딱지,2
발렛,4
생활관,1
발렛파킹,3
횡단보도,4
일석이조,4
지하가,4
과자류,1
긴자,2
상층,3
정중,13
기지,11
사막,4
제과,3
패스트리,1
토너,2
골프,6
목욕,1
무성,2
제과점,1
입수,2
본능,1
날개,6
배수로,1
복장,31
해롭다,1
나타,1
무제한,4
식객,1
정독,5
현충일,3
깨,6
나아,5
실력,16
요로,1
필,9
훈련,2
각지,3
플로,8
기업,14
스트로,1
이례,1
조기,4
종결,2
트위,1
특가,3
장거리,4
팬더,2
부여,7
장바구니,4
트롤리,4
평평,3
도의,2
산보,4
왕자,3
소매업자,1
여부,7
결합,10
고통,30
굶주림,1
법원,1
성숙,3
양떼,1
컨베이어,2
하루하루,2
남발,1
스넥,1
커밋,1
자유무역,1
구찌,3
말문,1
냉온,1
실장,4
와이프,9
정거,7
정수기,1
연못,89
백분율,1
가난하다,17
니콜,1
두통,2
벤델,1
싸움,7
주관,3
피프스,1
하비,3
헨리,2
장편,2
블랙,41
프라이데이,1
위조,4
참외,1
굿맨,1
꼬르테,1
도프,1
잉글레스,1
일괄,4
질식,2
노드,1
스톰,1
즈,3
유스,2
누릴,5
각기,6
피스,6
시착실,1
윙,3
대항면,14
마스,2
백업,3
세력,18
손잡이,1
양배추,2
테이프,4
판지,3
광란,1
설화수,4
도우미,4
금육재,1
양계,1
전극,2
집속,1
향상,12
췌,3
비자,5
운전,6
팝콘,2
드릴,4
열량,1
호의,2
올림픽,27
핫스팟,5
사라,7
록키,1
파워,1
누,8
로데오,14
미시간,1
시카고,2
가공,13
구내,7
바로크,1
숨막히다,1
음식물,7
모찌,1
충전물,1
인스턴트,2
최저,5
캔,1
악몽,3
인종,1
훈장,3
럼,2
소핑하거,1
잡스,2
통신사,1
곳잉,2
신분당선,3
무수,5
찿으,1
그땐,1
세일때,1
그런대로,2
구청,3
기둥,6
꽁초,1
담배,3
화끈,1
일도,13
진열,10
노,10
구도,3
초행길,2
렵,2
회사원,1
라이트,13
삼,7
치일,1
용무,2
하든,1
개찰구,2
겨우,17
두텁,1
따로따로,1
왕복,3
전철,8
컨디션,3
상점가,2
좌우,4
싼값,2
진귀,4
뽀뽀,1
신새,1
묘사,14
이니스프리,2
판매점,5
기생충,4
여자애,1
물류,2
반포,1
극한,1
블랙리스트,1
살인,3
안락,6
패스트,7
다가,3
액,7
가해,2
야만,6
오염,1
위험하다,8
충고,3
인공,14
자켓,5
관통,1
가늠자,1
간주,6
비버,1
섹시하다,4
웃,11
호스,1
상치,7
구현,9
슬리퍼,5
병렬,1
테라,3
퓨,1
덜렁,1
각도,23
락커,9
지사,3
약혼자,7
중요,12
복사,6
셜,2
리셀,1
망,11
보호,23
과감,1
이화여자대,1
스윙,1
대표팀,1
추적,10
강의,7
과학,15
미궁,2
았어,2
염성,4
입원,1
자동,26
항질,4
환자,8
파격,1
율과,1
조밀,1
축,3
불렀어,1
안동역,1
중부,5
진성,1
황태,1
냉면집,1
김이나,4
청고,1
추도,1
평방,3
호두,4
벌레,3
눈썰미,1
마블,2
말림,1
미림,1
미역,3
산지,2
큰소리,1
타카,1
귀지,1
랭,1
배기,2
보디,1
슈트케이스,1
어설픈,1
진하다,4
공부,68
봉인,2
노령,2
가르침,2
우회,8
말리,3
안도,2
여의도,30
여의도역,5
환승역,2
편른,1
더바디샵,1
러쉬,2
이솝,1
함량,1
현저,2
마구,3
손꼽,3
출입,7
콘래드,20
면소,1
샤브샤브,2
일제,33
나폴레옹과자점,1
부츠,7
동방,1
애견,1
앞마당,9
짬짬이,1
한가롭,5
아이파크몰,10
지겹다,6
래서,6
성황,1
들렸르,1
널널,5
보강,2
으뜸,6
띠,7
마시모,1
어중쩡,1
대수,1
씩,6
철,11
썰렁하다,5
급,7
충실,13
고루,3
바램,4
욕심,3
장마철,2
카테고리,4
더우기,1
들깨,1
생수,5
용수,1
컵,8
날듯,1
맨날,3
적자,1
의료,7
번가,6
소핑,1
컨래드호텔,1
수라,1
마켙안,1
소복,1
올리브,5
인절미,1
똗,1
마포,5
싯컷,1
와규집,1
이태리,3
망라,2
트리스,1
몽골리안,1
비프,1
통닭,1
안배,1
직통,1
꼬,3
아비,1
티파니,1
금융가,1
상하이,2
수고,2
수퍼마켓,2
운전기사,1
콘라드,3
본질,4
불과,8
마르스,1
라빈,2
베,7
버,2
쉬카,2
채도,1
강가,2
레지던스,11
쏙,5
에그타르트,1
밀링,2
아시안,3
코토,1
혼합물,2
단체,49
마리오,17
헌터,1
구동,2
리퍼블릭,2
레저,2
격차,3
부의,9
토마틸,1
포,22
하노이,2
후드,4
부패,2
빔확,1
이닝,1
탄두,1
강매,4
아치,2
정찰,8
꽁,3
창가,1
피트,9
격전,1
광희,1
제평,1
평화시장,1
필요없다,11
땜시,1
밤늦다,2
종목,1
쥬얼,5
안사면,1
정가,3
양복,5
전문화,1
시로,4
주야,1
퀵,2
다이나믹,4
닭칼,1
퐁부,1
도매업자,1
무통,2
시나,2
바이어,3
브,3
수예,2
스왈로,1
스키,3
연석,1
구슬,2
크리스탈,1
동대,2
콤플렉스,1
손톱깎이,2
관심사,7
을해,7
견고,3
복의,1
블라우스,3
스커트,9
만화책,1
볼링,1
부부,20
카페테리아,10
결론,6
붐,5
조사,34
호감,4
정히,1
체적,2
지퍼,4
러그,2
오줌,1
한숨,1
제인,6
모의,5
자정,7
장갑,9
동대문역,10
플래티넘,3
헬로,18
띠판,1
모퉁이,9
오인,2
일련,5
정격,1
융액,1
밤새,1
생략,17
경보,4
아,1
혼련,1
아프리카,5
자세,9
점검,6
베네시안,1
갈라지다,3
불빛,14
최면,1
냉정,10
노크,1
누울,2
두산,4
스크럽,1
세관,4
았습,1
절차,7
롬,1
나로,1
이윽고,1
드조,1
스웨,1
왓치폰,2
트래픽,3
글리,4
슈도,4
쉬이,2
기반,5
컨덴서등,1
우주선,3
운동장,4
녹업,1
용한,1
동대문시장,4
패션타운,2
과소,6
허비,2
매층,1
취미,8
근거리,1
동대문운동장,2
만사천원,1
밀레,3
오레,2
정화,2
짝뚱,1
엘리베이터걸,1
재상가,2
재살때,1
돌잔치,1
훠린,1
구용,2
꼬매,1
꼬매주,1
누리,8
쇼파,1
여간,4
쿠션,1
헤져,1
메모,17
경기장,16
시냇물,1
행진,8
인연,2
주욱,3
장어,3
폴로,1
계산기,2
미아,2
고등학생,3
잠옷,1
창고,9
대담,2
바구니,5
요리사,4
인도네시아,4
주현절,1
중요시,1
홍익대,1
논의,8
진진,4
군,44
웬일,1
뜨릴,1
발끝,3
조련사,1
펀치,1
희귀,11
폐쇄되므,1
간절,1
전후,5
티크,2
아마추어,2
노트,6
전원,4
게스트하우스,1
고국,3
초점,13
중동,1
뒤편,6
재판매,1
고치,2
오두막,4
부평,2
고백,3
정품,4
주얼리,3
첸나이,1
말기,6
네온,2
판넬,4
헤븐,1
갱도,1
며느리,2
앞서,13
인색,1
겉,9
시나리오,4
신년,1
아슬리,2
대리,1
송액,1
나열,10
뱀장어,1
직면,2
탱크,228
하드웨어,25
헤더,27
노동자,7
러시아어,1
소시,3
우즈벡,1
타지크,1
달리기,3
레이스,3
섬세,10
양산,2
채권,1
언논,1
루츠형,2
잔디,12
페이크,2
공장,5
소유자,6
증인,3
찰,2
책임,1
몬타니,1
꾀,3
모카,1
자사,2
팔찌,5
혼돈,1
흡입,1
자냉,3
테일러,3
샌들,3
원치,3
원하,1
제철,4
배꼽,2
당한,4
대게,7
상회,1
어쨌거,2
쩝,1
충남,1
킬로,6
킹크랩,5
회보,1
물기,1
어패류,5
갈라,1
개판,1
자갈치,4
포항,2
확정,2
검증,4
성게,10
초밥,9
광어,6
다짐,1
버젓이,1
음료수,7
의술,1
해삼,4
신시,4
능숙,3
어종,1
천차만별,3
민어,2
바닷가,2
수조,2
안남,2
애호박,1
요전,1
인어,2
줌,5
철마,3
해적,2
엣거,1
예민,4
횟감,5
간만,7
남친,1
모듬회,3
산낚지,1
멸치젓,1
생멸,1
편차,1
신건,1
졋습,1
일식집,2
회집,1
소라,4
전어,1
배탈,1
궁,258
물회,1
미나리,1
배랑,2
비리,1
시렁,1
우럭,1
회랑,3
그리로,1
생존권,1
짱이었어,1
투쟁,3
간직,14
드타,1
정형,2
차림,3
그득,1
십만원,1
퀵비,1
철인,1
회한,1
쥬,2
회식,1
망서릴,1
방뭉,1
시싱,1
여하나,1
테이크,4
학,5
활어,4
지게,2
수장,1
스트레스,8
자릿세,2
돔,2
잘해야,1
갱단,1
난리,3
음산,4
움직임,3
바꿘,1
조명도,6
하번쯤,1
네이버,3
거사,1
라라,1
꽃게,1
꽃게탕,1
소금,6
십상,2
갈수록,3
곳이므,2
맨앞,1
호구,1
세명,2
냉장,2
일간,2
론,5
전복,28
노랑,3
연어초밥,1
폭풍,4
한판,1
모이,3
왠,1
대후,1
동작구,1
간단,2
숭어,1
오만원,1
회로,3
굴,7
만일,8
말썽,1
모험심,1
불확실하다,1
소지,7
꼬챙이,1
눈탱,1
속임수,8
팍,1
로테이션,1
명란젓,1
발음,3
뽑기,6
연회,9
제비,6
참이슬,2
한남,2
츠키,4
넙치,5
다금바리,1
데친,1
둘레,1
불렀습니,1
인원,22
도리,1
설득,7
자로,3
직진,12
변덕,2
차이나,4
코틀,1
크랩,34
친하다,6
날로,4
대접,6
렸,1
상어,9
상추,1
찜,1
청력,1
왕게,2
중량,2
증기,2
매가,1
매료,6
식용,1
저축,1
위탁,4
간청,1
괴짜,3
빈약,4
소유,10
한국말,10
경영,2
관용,1
가리비,13
껍질,6
도박,1
스팀,5
만다린,12
발가락,5
배우자,2
억,2
자마자,3
플롭,2
플립,2
하이힐,1
공상,2
긍정,9
미뢰,1
참신,6
토대,4
해산,5
예리,3
반영,18
임금,5
조개류,1
불사,1
선발,1
최대한,23
태인,1
극도,2
실업,1
견적,2
종,11
북경어,1
체중,1
폐쇄되었,2
팔지,4
가오리,4
소진,2
어분,1
왕성,1
차이점,8
사파리,1
경사면,1
정착,2
서해,3
베이비,3
뼈,11
아아,1
타이,4
극락,1
맹세,3
부끄럽다,15
생산품,1
알맞다,4
픽업,11
점보,1
필렛,1
캐치,2
내야,19
쥐,3
설치다,4
승희,1
황,1
드래곤,12
레코드,6
무게,5
무선,11
바짝,1
유턴,2
주자,3
고문,24
무분별,1
고속도로,5
신규,11
산호,1
아발론,5
돈값,1
쉐이크,3
농어,1
도미,2
론리,4
유로,4
플래닛,4
피쉬,3
오싹,4
토마토,3
참게,2
팹,1
스킵,3
마일,2
면하,1
크로스,3
홍합,1
탐광,1
스탄,1
장착,4
액체,1
가트,1
몰락,1
채널,2
장수,5
카스,1
코뉴코피아,1
펄프,1
블레싱,1
조키,1
없었넨,1
트립어드,7
향유,2
거절,3
난폭,2
딩,2
무작정,2
바인,3
슬라브,1
타지,20
가자미,2
아닐린,1
틸라피아,1
오션,1
태평양,1
손상,12
참을성,2
기념일,10
뤄너,1
다릴,1
애퍼쳐,1
윗,4
자판기,11
정당화,2
거꾸로,4
금붕어,1
수락,2
어항,1
접촉,5
토론,3
연약,2
항의,5
쉘들,2
스노우,1
서론,1
공구,1
광택,2
낚시,1
물림,3
치유,2
꾸러기,1
로봇,9
절기,1
본사,7
상무,2
웅덩이,2
발코니,6
육교,1
전문가,10
다국어,3
욕탕,1
토폴로지,1
연구소,2
연구원,1
웰내,1
던전,1
사케,1
폐기물,2
세이브,2
호스팅,2
바닷가재,1
의사소통,2
클레,5
팟,1
리드,3
드높,1
솔로,14
진취,3
꾸밈새,1
화려,8
쉘,2
신지,7
수수료,8
본적,12
타이거,2
식구,3
캐비닛,4
콘크리트,6
팔레트,2
형광,5
외갑채,18
출력,2
신뢰,17
돌이,4
촉수,2
신호,7
응용,22
레이어,4
꾼,2
토리,2
원인,14
배율,2
충돌,43
손짓,2
그걸,8
노량진역,2
오버헤드,3
주도,3
쿡킹용,2
호랑이,4
맨스,2
초과,4
구역질,2
왕비,4
찰나,3
귀하다,6
블럭,5
시식,5
종업원,6
피지,9
순서대로,5
켤레,2
부가,5
요홈,5
하나고,2
컴,3
값어치,12
스위치,2
뭣,2
보트,45
당장,3
었는데,11
버릇,2
컬러,9
었다,4
작전,6
커피빈,3
신도림역,14
공연장,59
신도림,12
옥외,7
적지,3
디큐브시티,9
테크노마트,8
예식장,4
굳다,13
외가,2
거점,2
서남,2
문득,3
취지,3
욕구,2
비지니스,7
근방,3
쓸모,4
장보기,7
평상,2
교외,3
포로,4
걸음,6
축축,2
탁월하다,11
실용,5
맥,6
더블,8
연습장,3
체육관,3
신제품,3
개통,3
시연,6
사옥,7
어떠하다,4
서초,8
협업,2
진로,2
홍보,20
들보,4
조작,9
가상현실,3
애국심,4
첨단,5
융합,4
테크놀로지,2
주신,3
헤드셋,10
롭다,3
메일,10
마사지,6
진공,2
태블릿,5
세계관,2
수년,7
가전,3
신이보고,2
타격,3
이메일,7
손목,3
것임,3
데모,10
임시,17
응답,6
참가,25
키트,3
퍼런,2
주소,8
레버,5
얽힌,2
프라임,2
로스,4
수학,5
시뮬레이션,7
유예,3
집행,2
온키,2
마카롱,2
수저,2
광역시,3
네오,2
뽐내,4
우뚝,2
피치,2
저절로,5
변,3
앵,2
경쾌,3
과시,2
소파,3
디즈니,3
라이프스타일,5
복용,9
애플리케이션,14
데코,3
첫인상,2
격자,2
만화,11
신한,2
남부,30
갈수,22
고터,4
몇개,9
가운,7
고요한,26
지향,4
평행,3
유무,2
여대,2
평상복,2
이익,7
출신,8
봉지,4
속성,3
선불,3
셔틀,7
립스틱,3
단풍,32
셔틀버스,10
발레,14
비명,3
제도,3
뒷편,9
반지하,3
장충,2
메이커,2
산맥,3
여타,3
사은,3
이이,7
모범,5
찻집,16
탈,15
마일리지,2
아시아나,4
접수,5
장기간,2
삭제,3
동화면세점,5
우편,5
승무원,3
유적지,27
랍,7
하늘정원,2
걍,4
차보,2
온기,2
완화,4
캡슐,6
괜찬아,2
압구정동,4
고품,4
프라이드,2
다단계,2
마스터,3
긴장,6
곧다,2
건대,6
오로지,2
커먼그라운드,2
돗자리,5
풀밭,2
핑거푸드,2
미묘,6
셔터,2
연신,2
임팩트,2
려고,2
흔적,17
운송,6
공통점,4
드문,9
방해,12
선적,4
등장,5
암시,2
타이밍,6
거짓말,2
근거,54
미적,9
싹,4
이프,2
펑키,4
접지,5
푸른,5
소량,3
파란,5
그만,8
다과,4
화합물,10
사적,9
지면,9
로킹,2
물체,2
평화,33
블로거,2
수송,3
은신,3
청색,4
볼륨,3
건국,9
블루,26
쌀쌀,9
커먼,2
앰버,3
냉각,4
가먼트,2
착륙,2
너어무,2
로데오거리,5
오거리,4
패러디,2
분당선,3
압구정로데오역,2
취한,2
울퉁불퉁,3
평판,2
느긋,3
오사카,3
카,4
유래,2
전차,14
부유,5
호소,4
이군,3
트램,4
트윈,2
팜플렛,6
파열,2
황량,2
단독,4
식이,3
청담,2
스태,3
이안,2
살기,5
서기,3
폴바,2
젋,3
선진국,2
로그인,6
테이,35
스페셜,2
내지,5
웨딩,7
차려,3
공주,3
프린세스,4
신랑,3
었어,13
경동,7
더더,2
약재,4
청과,5
금물,2
욕,8
단발머리,2
문신,4
사기꾼,3
집앞,2
한약재,3
제기동역,2
보신,2
한약,9
갖가지,2
소나무,5
열매,4
오미자,3
진찰,2
약령시,2
오미자차,2
지대,3
평온,7
약초,6
제주도,8
곧바로,4
주석,3
도주,2
오소리,2
홍차,3
제기,3
보충,3
중설음,2
추구,2
서프라이즈,3
괴롭다,2
떄문,2
곰돌이,2
화살표,13
실물,21
플러시,2
바꿈,2
중순,2
뜰,9
붕,2
훑,3
케빈,2
등지,2
파주,3
폭탄,4
신역,3
근교,4
손녀,4
렸습니,5
귀국,4
택배,2
막판,4
레고,4
사물함,17
재활용,3
아웃렛,3
아인,5
욕실,20
유출,2
납,2
짓,5
도움말,6
응시,3
아이스,67
카라멜,3
풀,12
핑크,4
분홍색,3
러시아,8
녹지,2
질감,4
로이,6
다라,2
덮개,8
용산역,24
적임,7
깜박,3
레이저,4
바트,2
아이파크,3
서관,3
이어서,4
동관,3
안이,7
동편,2
판이,9
국철,2
타가,2
편임,2
첫날,6
비정,4
스케이트장,7
리지,10
휘,4
간접,7
워터,2
담당자,5
경찰서,2
매너,2
시비,3
명함,3
제각각,2
개편,2
숙,2
호황,2
목걸이,7
엔,2
치의,2
플랫,2
불타,3
퉁,4
입학,11
압력,3
원대,2
머신,2
신혼여행,3
탈의실,4
우수,10
서면,6
안정,4
자고,5
초대형,4
무인양품,5
타겟,3
반응,9
발짝,2
신중하다,8
신청서,2
극동,2
유색,2
카탈로그,4
베이징,56
몸,23
살구,2
에나,2
너머,4
투성이,5
제로,11
도해,2
관객,7
선불카드,2
혜자,2
치기,5
후려,2
엄선,4
소중하다,28
시부,6
가제트,3
프,2
아리랑,4
재판,2
전단지,2
외출,5
좌절,4
마이크,5
발열,2
소책자,6
책정,7
퐁,2
업소,3
보라색,5
부엉이,4
보너스,13
프로그래머,3
바운드,2
노래방,4
굿모닝,2
매콤,2
망원동,4
공영,4
고로케,3
돈가스,2
월드컵,18
화제,3
자산,9
대안,6
바삭,2
진지하다,9
덮힌,3
습,12
자전거,5
과도기,2
폴리스,10
합정역,23
꾸준하다,12
에잇세컨즈,3
돌기,5
쓱,4
합정동,3
알짜,2
생화,3
조화로,2
수시로,17
후쿠오카,2
궂,2
추위,7
딸린,3
주상,4
때마침,2
합정,5
내시,2
티아,2
각층,3
다방,5
은혜,2
그늘,25
미학,2
남서,3
소풍,18
사물,3
만엔,3
부피,2
원활,3
휴무,20
할애,7
애하,2
성도,5
승진,2
호주,8
옥,64
가락시장,5
유선,2
평점,6
욥,2
인권,5
김장,3
경매,2
우월,3
일때,2
가락,7
적기,2
뻔뻔스럽다,2
피드백,2
의향,2
축복,3
오해,8
귀하,11
움켜,2
통치,4
감탄사,3
국화,2
람,3
셨,4
양재,10
양재동,4
구간,5
자상,2
봄꽃,3
프리지아,2
난초,2
남동쪽,2
당선,2
천막,3
캔버스,3
흰색,4
리본,2
캔디,2
소원,6
예하,2
키드,2
욘,2
은은하다,9
수상,4
실외,16
플랜트,2
흙,8
왕국,5
조종,2
개층,2
듯이,6
멤버십,2
발급,5
이제야,4
오설록,2
어이,5
한도,2
구해,2
경기,9
자타,2
방불,2
다기,4
제휴,4
관세,2
변명,3
셀러,3
자격,5
카푸,4
성가,2
인천공항,3
네가지,3
의쉬,2
필자,8
하위,9
항공권,4
도망,4
트레킹,2
품격,6
준수,5
홍수,2
무승부,2
일로,5
콘택부,2
별점,2
품절,2
환도,2
디쉬,2
여행선물,4
시청,19
여행사,8
프린트,4
홀로,6
세종대왕,37
숨기,3
설문,2
충동,3
왕가,5
반의,2
달팽이,2
보딩,2
제약,6
바람직하다,2
량,4
여백,2
팩토리,3
업그레이드,4
어지럽다,3
치장,2
옆집,4
코치,2
편협,2
저수지,2
건축가,15
웨스트,2
파사드,3
펠트,4
안목,2
장진우,2
검다,9
나란히,4
매기,3
버킷,2
완구,6
진상,2
첨,9
시중,3
어린이날,4
권한,12
바코드,4
자녀,33
웹사이트,9
킴스클럽,5
낭패,4
고맙다,9
서초구,3
일러스트,4
차근차근,3
여친,4
벤치마킹,3
신문,4
막론,2
프리뷰,2
개시,2
포착,2
간략,12
죄수,4
소공,2
무역,3
소가,6
지니,2
자유시간,2
감옥,34
기와,3
학자,2
대여,55
능숙하,5
페리,15
폐기,5
수염,3
쿼리,2
소액,3
피팅,3
화보,8
대응,3
서빙,2
땀,6
스프링,9
드렛싱,2
유머,8
산시,5
기구,5
캔들,5
제빵,5
퓨저,3
양초,2
첨가,2
잘만,2
장안,2
성분,3
키티,14
섬,12
극복,3
고양이,2
철저하다,39
안녕,3
침실,3
피아노,4
기프트,3
부페,2
접이식,2
레이디,2
연습곡,2
전주,2
회현,6
땡볕,3
겟,2
우편물,3
지난달,2
수집가,5
가량,5
중반,5
회계,2
희다,4
거북이,11
꽃병,6
똑똑하다,6
모란,2
김씨,3
숭고,5
에덴,2
청자,10
국립,391
로프,3
동묘,6
뙤약볕,2
무덥다,6
선선,13
매체,4
풍물,5
헌책방,5
마루,10
위안,2
엽,2
가든파이브,9
애슐리,3
보임,2
수요,4
동남,2
부각,2
왜냐면,4
부적합,2
찜질방,3
평이,3
문화센터,3
애초,3
중소,2
자신감,2
슈트,2
전문성,3
드레싱,4
보완,5
최씨,3
물의,12
옷장,3
주가,2
경력,3
기후,2
박사,3
방어,6
슬림,2
워싱턴,8
관습,5
여년,5
드럼,12
설비,5
음향,21
색소폰,2
동경,2
식견,2
서사,4
대장,3
팔면,2
일방,3
수건,3
제조,19
무진장,2
청춘,2
동묘역,2
신설동역,2
재건축,4
천도,2
마니아,3
헌,3
근대,24
모호,4
군사,78
귀중하다,10
항공기,75
선별,5
뿐더러,5
스프레드,2
육군,9
샤워,2
나체,4
모래,13
위기,2
젤라토,2
북카페,2
브레이크,5
그랜드마트,5
이랜드,3
체계,10
노후,3
뒤로,2
쇠퇴,2
지장,3
컵라면,2
묶음,2
별반,2
안나,2
오래전,7
파고,3
식스,8
전자기기,2
빈자리,2
곳이었으,2
강변역,5
게임기,3
샌드위치,7
테크노,2
엠퍼시,3
거듭,2
대림,18
와이어,2
어댑터,2
오디오,143
언,7
커플링,2
금은,4
값진,2
사문,3
격리,3
밀고,2
입자,3
습기,2
코멘트,3
영구,27
스테이지,3
온천,2
기획,56
젠틀,2
피클,2
베리,2
서양인,3
무서움,4
졋,2
칼라,2
미션,3
김환기,3
단아,7
미술사,3
여준,9
인물화,3
마틴,3
홈페이지,26
백남준,4
고뇌,2
그림자,4
닥,2
귀걸이,2
숲속,3
금지,9
민화,6
출품,3
뚜렷,3
익선동,4
치마,2
허리,2
화사하다,2
성은,2
어정쩡하다,2
포지션,2
여왕,15
산행,2
어드벤처,4
유원지,2
유적,13
주기도,4
호크,2
만끽,11
삼각지,4
이내,9
이태원역,2
해밀턴,4
드뎌,2
암웨이,2
코앞,2
탈바꿈,2
계약,3
대하,7
변신,4
시니어,2
장르,8
마구잡이,2
안팎,3
이른바,2
거슬리다,3
순하다,2
건의,3
노르웨이,2
서예,10
은평,2
은평구,5
토니,3
햇빛,3
냉담,3
전념,2
경비원,45
동대문구,2
공덕,3
뜸,2
애착,2
고품격,4
내일,4
노동,4
지부,3
샹들리,2
소극,3
유니버설,2
철학,3
진행중,13
석,10
오케스트라,12
데이,6
위트,4
평창동,3
갈망,3
설레다,6
아주아주,2
유학,3
농사,2
문산,2
일산,2
재개발,2
주택,16
현존,2
추측,5
아웃도어,5
새책,2
주최,3
송,2
스페이스,4
이어링,2
아라리,12
창덕궁,56
합당,2
선재,2
강좌,3
신청,26
녹음,2
아마존,78
하,5
일본사람,3
중구,4
프라,2
여름밤,4
거창,2
기획전,51
사비,2
설레임,3
라며,2
유유,4
경전,2
커뮤니티,3
필리핀사람,2
색감,10
유화,3
희생,39
우주,4
인프라,6
공무원,3
상설,49
게이,5
알림,6
제출,4
녀석,4
원정,4
재즈,4
교복,3
렌탈,5
사당,4
네이비,2
롱,3
회색,3
곳이었어,15
명사,3
뮤,69
옐로우,2
지엄,92
회화,22
매직,11
트러블,2
제등,10
미실,3
반환,8
배너,2
용지,3
고집,3
염색,2
이케아,2
포트,6
구로,2
쟈,2
톡톡,2
반짝,5
중요성,20
풍요,2
나눔,2
뚝섬,2
뚝섬유원지역,2
피크닉,13
기부,25
해방촌,3
발굴,2
사진전,18
마음대로,2
방언,2
북부,4
자손,2
거장,8
관해,18
메모리,10
프레지던트,4
구정,6
변기,2
감격,2
조립,4
기승,2
더라도,5
보증,4
드론,2
와이드,2
레코,2
음성,12
이용자,2
도금,2
문제점,3
츠,3
트루먼,3
수줍다,5
사색,9
동굴,2
앨리스,3
편지,3
풀기,3
기초,12
교차점,2
방치,3
명인,2
독일,8
뷰티플,2
명도,2
딜리,2
범인,2
통째,2
대관,3
서초역,4
외진,2
전신,3
혈,2
대요,3
소름,6
더없이,10
라이카,2
필름,5
리그,2
대칭,3
사진관,2
목동,4
안함,2
유흥,2
커피점,2
경인,4
초라하다,4
발표회,2
센트,3
깃발,6
마술,4
모세,2
수치,5
콜레스테롤,2
혈관,3
결함,2
후의,6
물질,18
한반도,27
선조,20
참전,12
전쟁사,16
한국사,10
꼼꼼,2
무기,69
봄날,6
학년,7
프로파간다,2
한민족,2
폭격기,10
기린,3
남한,6
민주주의,8
비극,11
비중,2
순국선열,4
전사,6
참전용사,6
계기,6
의의,3
전쟁기념관,129
추모,15
숙제,12
아픔,41
뭉,5
삼각지역,3
국전,14
풍족,3
숙연,17
엄연히,2
휴전,8
삼국시대,4
파병,2
되풀이,2
전등,3
의장대,3
유난히,2
비상,3
지드,2
남북한,2
군용기,5
기리,8
세계사,3
참상,2
증거,6
분단,5
분단국가,4
역사상,2
엄숙하다,10
연평해전,3
자국,4
총알,5
탁트인,7
사망,10
완공,4
배움,3
감회,5
국군,4
폐허,5
흥미진진,8
애국,5
해설,48
다빈치,3
공산주의,2
이산가족,2
무거워,2
사자,2
전투기,19
군인,32
존경,10
국뽕,2
실상,3
적나라,2
엿,3
궁금증,2
스위스,2
목숨,6
상륙작전,3
슬픔,9
달랐어,2
대사,6
대전,13
선사시대,13
영웅,11
유물,242
직,9
파트,2
행적,2
되새,12
미군,10
역사교육,4
구내식당,2
이승만,2
전시품,45
탱,2
일어나지,3
고조선,2
염원,2
인류,4
서대문형무소,8
액자,3
밀리터리,6
관등,2
박물,9
공감,5
관람객,23
대통령,36
세계대전,2
의아,2
해군,10
후손,3
영령,3
호국,4
출퇴근시간,2
고귀,3
보존,83
설립,8
소사이어티,2
순교자,7
용산구,5
비율,4
사격,2
각심,4
참혹,7
침략,14
군복,4
히스토리,4
성해,4
공포,6
기념물,25
식민지,14
거북선,4
모형도,4
경건,8
동아시아,4
결심,3
국립박물관,14
기적,6
정부,24
디오라마,13
사료,2
웨딩홀,2
규어,3
비석,4
모네,12
객관,2
잠수함,5
전개,2
고인,3
정성스럽다,2
침공,2
조종석,2
만국기,2
보급,2
울컥,5
조각상,30
탑승,3
헬기,3
교육장,3
거짓,3
심장,9
눈부시다,6
처참,2
치하,6
주한,3
초등학생,23
몸소,6
시한,2
천안함,3
유품,6
평안,3
협소하,5
관내,10
생명,7
조국,3
리다,3
프로젝터,2
직시,2
평상시,2
유공,2
장갑차,3
판문점,2
초여름,2
근대사,4
대면,2
훌륭,3
만함,2
넋,5
발자취,7
대포,5
사진촬영,7
관인,3
오래오래,3
중학생,4
군함,7
명화,3
문관,2
교훈,13
고서,3
장병,2
산만,4
전함,6
고찰,2
교과서,16
나니,4
이념,2
진실,4
전몰,2
하객,2
사계절,23
장군,9
묵념,2
현수막,5
놀수,3
초등생,4
갖,2
과연,5
칙칙,2
선열,4
어벤져스,2
헬리콥터,3
따분하다,3
사뭇,4
업적,8
고마,2
다시금,9
군용,18
무려,3
고난,5
쐬,3
쐬러,3
명단,2
어찌,4
저리,3
졸업,3
지난번,3
문화재,33
국기,3
정치,18
압권이었습니,2
좀처럼,3
의장,2
화이팅,4
배우,93
나토,2
연대기,3
리얼,24
브로셔,7
선박,21
숙박시설,2
은퇴,4
치수,7
단편,5
민간,3
이상하,4
저하,9
톤,5
주거지,5
중대,2
무장,6
죽음,7
생존,2
로지,3
동종,2
발행,8
증명서,4
포스,3
도우,2
러,4
표창,2
온난화,2
워즈,18
분석,11
성취,4
극적,9
무릎,3
방위,2
파이터,7
엮,2
포의,6
물탱크,3
정권,3
해석,9
거실,2
산물,12
재결합,2
견해,8
프리젠테이션,9
이상일,3
지연,2
큐레이터,16
공물,7
사두,3
객체,32
콜롬비아,2
정적,11
드라이버,4
황소,2
비주,8
반도,5
탄성,4
항거,2
엄숙,3
다이어그램,3
프리깃,2
경의,8
무덤,3
시어머니,2
교류,3
블룸,3
시뮬레이터,3
존중,14
애니메이션,26
대사관,8
제본,10
슬롯,9
쌍곡,2
마네킹,4
올덴,3
분쟁,8
페니키아,4
정복,3
도슨,17
전해,3
미국인,7
논란,2
맥아더,4
해리,2
황폐,2
조각품,12
장애물,3
기원,10
미사일,2
독립성,3
교대,217
위병,184
짐승,2
휠체어,15
약품,4
개국,4
수신,7
소니,2
고고학,5
반란,2
청동,7
순찰,4
교,4
반발,3
효,3
킴,4
사격장,2
총렵,4
헤드폰,6
히어로,7
로켓,12
왕토,6
호치민,2
스냅샷,5
달성,2
텐디드,2
시뮬레이트,2
완벽,2
병사,14
유쾌하,4
주입,2
상륙,2
지시,7
교수,2
지프,4
부식,2
채용,3
것이었,5
러시,2
인상파,6
조상,23
부적,2
등반,3
본의,4
침몰,3
테크,2
맥락,4
화강암,2
갈등,2
명예,4
여섯,5
자솔,2
로밍,14
멀티미디어,12
블랭킬,2
스크랩,2
병력,3
밸브,2
스레딩,4
빔,4
투영,3
강렬하다,3
데이터,4
왕조,36
수앤느,5
업소버용,2
개체,4
두려움,6
격순,2
준금속,2
원근,6
특정하다,6
경외,2
남색,9
대공,4
제트,2
박해,6
침울,2
계정,5
잔인,4
전시회장,7
림,5
전람,3
입체,14
폭격,4
닺,3
캠퍼스,7
디드,2
디바이,2
암,6
평화로움,4
슬라이드,27
퍼트,6
금동,4
다큐멘터리,6
실적,4
중세,6
초현,5
고통스럽다,5
테러,3
빗,4
프라이,3
렉티브,3
것이었어,2
접착,2
단서,11
레크,4
고장,6
다섯,15
마디,2
어둠,3
유엔,3
포스팅,4
표지,4
부재,2
제정,4
어드바이저,2
콘디션닝,2
녹사평역,2
포드,3
유익,4
통하,2
예측,4
텅,3
코렌,2
흡수,5
당사자,2
간결,5
조방,8
해방,9
복구,29
경내,16
아카이브,4
인터뷰,3
합류,5
간과,4
가아드,88
복수,4
반사,14
재연,11
레,8
크라프츠,3
예비,7
에비던트,2
연대,8
랩드,2
참석자,2
로웠,4
생소,4
동기화,5
갑옷,2
설계자,2
다해,3
기한,2
헌정,5
트레인,2
관여,3
핵,2
잉어,2
매시간,5
입문,3
이트,2
이해도,3
금광,3
은광,3
시계탑,2
발자국,3
꼼꼼하다,7
경비,252
프로,4
글자,3
증언,4
최외,2
보이드,2
외교,2
것이므,2
헝가리,2
고흐,8
일견,5
집무실,3
필히,7
미스,2
방과,2
킬른,3
심지,2
괴물,3
자식,3
비무장,4
비무장지대,3
장려,3
선착장,2
후보,2
전액,2
리움,48
솔리드,2
천년,6
논평,2
딩내부,3
배틀,2
총기,3
유도탄,5
벨기에,4
션층,2
자존심,2
종가,2
조각가,2
맛국,3
평지,2
단기,2
상주,3
페닌슐,3
마운트,3
전일,3
국한,2
저항,4
트롤,2
비디오폰,2
협작,3
이력,5
코끼리,2
유죄,3
모조리,2
콜렉션,7
환대,3
원리,2
위인,3
폭넓다,3
우측,4
차트,2
보람,10
끝내,7
대지,4
지금껏,2
안내서,10
소지품,5
단언컨대,2
지오,3
출생,7
로기,3
폐,3
찬사,2
두드러지다,2
리조트,2
래그,4
액칭,2
디테일,6
스르,2
여서,3
국회,2
여야,6
외측,5
공해,2
동력,2
리치,4
알바,3
핀란드,2
금관,4
기증,10
실과,6
킬러,2
기념품점,3
식상하다,4
석기시대,5
경천사,4
석탑,6
격조,2
라오스,2
소장품,20
유산,30
운치,29
니드,2
아모레퍼시픽,4
구석기,9
문화유산,9
설전,11
훑어,2
국사,4
다량,2
동양,7
불교,26
아름,8
정자,8
왕관,4
탁본,3
인스타그램,2
시티투어,2
조경이,3
모티브,3
김홍도,2
이촌역,13
반가사유상,7
실의,2
집대성,2
저학년,4
초등,10
셋트,4
소임,2
한층,8
역사관,19
수학여행,4
급수,2
별채,3
미취,3
미륵보살,2
경탄,3
아라비아,2
기운,9
방학기,2
상쾌하다,8
이집트,6
못지않다,2
걸레,2
흠뻑,4
쿠,2
물든,2
어우러져,8
함부로,2
백제,6
불상,9
삼국,2
십층,2
영국인,2
북경,2
한결같이,3
이촌동,2
근현대사,5
이따금,2
삼각대,4
플래시,5
거닐기,8
확대,4
지혜,9
한여름,4
옛것,2
앞뒤,2
쉬기,2
루브르,4
덩,3
덩치,2
라가,2
타임머신,4
교양,2
해마다,4
차분히,3
도나,3
동떨어지다,3
유발,2
특설,3
신석기,5
매월,11
위용,3
근현대,3
도슨트,7
중등,3
벅참,2
청동기,3
서린,3
백자,2
청자와,2
앞뜰,2
국문,2
가슴속,2
소셜커머스,4
휴식시간,2
전당,169
시원,2
전통미,3
초목,2
반짝반짝,2
석조,3
열심,2
자원봉사자,2
집회,5
총독부,2
전통문화,10
다이너스티,13
복원,66
직전,2
이천,13
히삿트바,2
논리,4
악단,3
조화롭,3
대혁명,2
속상하다,2
파고다,12
도너,3
드로잉,8
절묘,6
직업,6
개괄,5
공백,2
모티프,2
눈금,4
선사,24
피곤,8
부처,3
골든,6
스파게티,2
크라운,6
라트,3
민주,2
렉,2
광활,3
자치,6
거처,3
평벅,2
출처,3
낡음,2
아트웍,7
용문,2
보증금,2
관념,2
절제,6
파기,2
호화,2
후원,7
자금성,68
리히텐슈타인,3
족답,2
프린스,2
모마,3
걸작,4
멉니,3
듣기,6
관석,3
입증,2
작성자,2
배설물,2
번체,2
벗,2
편안,6
단정,2
알파벳,5
서대문,29
것이었기,3
난파선,2
정당,2
예술인,3
앳,4
커트,2
퀘스트,3
뼈대,4
형부,2
로얄,68
서사시,2
발명,7
치관,2
스케일,21
시청각,2
친밀,6
개화,21
잔류,2
통전,3
미러,3
실크로드,2
제국,9
조류,3
친철,2
디바이스,3
폼페이,4
네트,2
가옥,14
전방,3
득점,2
곡부,2
반향,2
내셔널,5
컬렉터,4
가난,3
노예,5
독재자,3
침입,2
미세,2
원고,2
고도,3
박식,2
김소리,3
정해진,4
수반,2
절름발,2
연장,6
만오천원,2
밀랍인형,37
그레뱅,20
디테,9
밀납,3
셀럽,3
레뱅뮤,16
상과,3
그레벵,4
야구공,2
레벵,2
꿀잼,17
김연아,2
밀랍,10
장근석,4
연애,4
여름날,12
유명인사,5
뱅,3
박찬호,2
지드래곤,2
이지혜,4
무더위,7
김수현,2
러브,13
시범,2
연예,2
줗,2
성함,2
엇,2
뮤지,4
엄중,3
놀랏습니,2
인생샷,3
숫자,5
퀴즈,4
디스,4
한성,4
경회루,107
일제강점기,13
임진왜란,5
파괴,10
향원정,20
위엄,5
수문,21
조선왕조,17
담뿍,2
비원,4
담벼락,3
하늘아래,2
브라질,2
달빛,3
국악,55
근정전,25
발권,6
보름달,3
티켓팅,4
북악산,6
정궁,12
라커룸,2
한껏,2
소실,3
형형색색,2
답사,2
치욕,2
궁궐도,4
렌트,5
꿀,5
사극,3
다스,2
백성,4
왕족,6
정치가,2
개나리,2
국어,2
사진기,4
훼손,7
로열,12
신어,2
돌담,13
봄여름가을겨울,2
건청궁,5
매표소,8
왕실,25
백호,2
법궁,5
숲길,2
경북,27
고무,5
당당하다,2
당백전,2
대원군,3
무리하다,2
중건,5
이성계,3
정도전,2
태조,4
한양,6
호로,3
가만히,2
한겨울,2
외면,3
어우러,3
인터파크,2
미니어처,9
궁내,3
후문,4
꽃들이,2
시행,7
산도,3
근위병,2
부끄러움,2
사촌동생,4
황궁,4
장시,3
가봣는데,2
경희궁,12
멍,3
궁도,2
무때,2
정갈하다,3
잔잔,4
대인,2
청명,2
찌푸리다,2
초가을,2
장일,3
반입,3
산들,5
누각,3
선착순,2
전통음악,10
음악회,34
월초,2
백년,3
고즈넉함,5
숨결,8
부적절,2
곱,2
금상첨화,3
운현궁,3
기행,3
전각,5
단청,2
불문,3
궁인,2
처마,3
성당,6
내한,2
시간여행,6
명성황후,3
자취,7
거렸,2
대궁,3
대문,6
점령,13
록,2
수강,3
아카데미,3
추하,3
근엄,2
바위,3
인위,2
자랑거리,2
삼청,3
자긍심,3
경복,6
행차,2
클릭,9
딱딱하다,4
병풍,4
세종로,5
권력,2
산실,3
멋드러진,2
이채,2
이예,4
신의,4
팽이,2
고종,2
도읍,2
전소,2
창경궁,7
국왕,4
오롯,2
거진,2
연꽃,3
초록,2
후반,3
이랑,2
이어폰,2
언뜻,4
경호,2
기품,4
변형,6
틀,4
지수,2
신비,9
조선총독부,3
철거,5
청사,2
가회동,3
역활,2
귀,4
경희루,3
휩쓸다,4
치가,3
횟수,4
여름철,10
알기,2
다지,2
도성,5
생애,3
안산,6
나마,2
그리기,4
와봐,2
문도,2
심신,3
켜,4
대회,2
임금님,3
다례,2
흥선대원군,5
명상,2
윤동주,6
요번,2
호응,2
권유,2
고요하다,9
보전,5
킥,3
앙,3
사가,6
벅찬,2
새삼스럽다,2
출산,2
실로,2
고종황제,3
고초,3
불타다,2
확립,2
대식,2
너른,2
체감,6
회상,2
부디,4
무색,2
교감,2
파빌리온,31
고용,4
시크릿,19
데크,2
심볼,2
날조,2
마제스틱,13
접목,2
선크림,3
맑다,4
화이트,4
황제,10
전성기,2
웅대,14
샌디,2
기만,2
댓글,3
픽트,2
귀족,5
포즈,36
필터,2
심벌즈,2
트럼펫,3
킹스,9
토르,2
예행,2
멍청하다,2
페인,10
테니스,4
궁역,8
약탈,2
창백,2
이용권,4
타이완,2
자갈,3
허락,3
청록색,2
로열스,3
악대,5
일치,6
풍습,5
산이,10
나레이션,2
예식,5
프로필,2
고자,2
페로,6
시닝,2
햇볕,6
메이플,2
상상력,18
마우스,2
정글,2
식민,5
밍,2
고취,2
편람,3
광역,2
수행자,2
유교,3
부트,2
피어,6
한밤,2
지휘,2
돌출,2
몰래,2
야생,3
정직,2
추수,2
콤,6
파생,2
애드미럴,9
법적,3
보호자,2
액터,2
헤드,3
노미,2
추리,2
협회,3
파운드,8
왕령,14
사치,2
찌,4
습도,2
본부,38
좌품,9
엔지니어링,2
첩,3
드뭅니,3
폭풍우,2
공작,2
헷드,2
시위,5
구성원,2
경호원,2
북동쪽,2
휴양지,8
경백,2
내식성,2
온실,2
후크,2
르네상스,3
매톤,3
하우,2
군주,2
저면,2
부들,2
모우트,2
원칙,2
불행,3
진흙,4
앰퓰러,2
등불,3
꼬리,3
배터리,14
으스스,3
공지,2
전연,2
술학,3
삽입,3
주거,7
언산,2
위대,2
송신,2
근위대,3
스펏,3
파이프,2
함유,2
엠파이어,2
퍼늘,2
민속촌,6
스팅,2
음력,2
펌프,2
지형,2
왕세자,2
버킹엄,2
흥례문,2
게시판,3
균일,3
성벽,7
튜닝되,2
일과,2
턴,4
협,6
유치원,10
타블렛,3
패널,5
이벤,2
냉동,3
솜씨,2
데스크탑,2
악음,2
강도,2
일관,3
재산,2
착좌,2
개도,2
난연,2
찬란,3
암살,2
파형,2
를재,2
이음,2
로스엔젤레스,2
오버레이,2
폐관,4
광각,2
바보,17
생강,3
납땜,2
방구,2
태권도,8
벅,2
정박,3
자유도,2
관목,2
반일,5
멤즈,2
조인,3
캐스트,2
박수,2
시적,2
로열티,2
서정,2
공터,4
왕릉,2
음궤환,2
인치,2
소망,2
펀,2
그랜저,3
힌지,2
드러머,2
진보,4
우릴,2
눈높이,6
소자,2
온화,4
증발기,2
입시,2
도입,3
악수,2
액션,5
필러,2
동등,2
예배,4
유도,2
정밀,2
완비,2
세균,2
사이클,3
벽돌,4
항아리,3
드라마틱,2
싸인,2
벨소리,2
누벨,2
콜하스,2
통제,7
강진,3
사립,8
한강진역,2
시립,21
사설,2
자가용,8
단원,2
테리어,4
엉뚱하다,2
전공,4
골치,2
정선,4
실험,9
잔디밭,11
문화재단,2
거미,2
마망,2
표본,3
베이컨,2
주제가,4
휴게실,3
세밀,4
설치미술,2
관료,2
었는지,2
추상,3
구타,2
바스키아,2
워홀,7
의회,2
핸디캡,2
칼더,2
센서,2
하이테크,2
허스트,3
교화,2
우연,3
템플릿,2
어플리케이션,4
여덟,2
데미안,2
앤디,4
웨이웨이,2
위하,3
득,2
큐레이팅,2
서대문역,4
드나들,2
생인,2
광선,2
묵상,2
휴양,3
잔혹,4
괴상,2
잔돈,2
농민,4
오두막집,3
명확,3
글라스,2
트릭,155
스텝,4
동심,6
기법,3
대중화,4
스뮤,2
겨울방학,2
너희,4
홍대역,4
판타지,3
안구,6
누드,4
용의,4
증강,4
착시,20
녹화,2
발휘,3
창의력,7
들썩,2
카니발,11
할리우드,3
상적,2
다야,2
투옥,5
발레리나,2
요령,4
저변,2
짜릿,2
극단,3
왜곡,3
동결,3
난타,2
로커,5
미끄럼틀,5
창작,5
웃음소리,2
답니,2
웩키,3
원숏,2
나기,2
보오,2
성적,3
검빙,3
섹스,7
멜버른,3
정동,5
신데렐라,2
찰칵,3
관건,2
중하,2
월극,2
플하,2
연주회,14
음악분수,52
예술의전당,26
우면산,17
한가람,59
독주,2
오페라,34
에르,3
갓모,3
후딱,2
교통체증,2
제자,2
디에고,3
국악원,12
당내,3
버스정류장,2
산채,2
조명하,2
협소합니,2
서초동,11
때론,2
팝아트,2
음악당,8
토월,2
인상주의,3
판소리,3
샤갈,2
로이터,2
대극장,2
핫초코,2
레베카,4
금호,3
부천,2
한화,2
모짜르트,4
분수쑈,2
종합예술,2
국립국악원,22
가우디,7
차지연,2
통창,3
타도,2
인조잔디,2
음악인,2
컨템포러리,2
피카소,4
대감,3
사마,2
일찍이,2
소마,3
관전,2
욧,3
요람,3
베르테르,3
생김새,2
관할,2
객석,2
미흡,2
절정,2
친숙하,2
자락,3
페스티벌,2
드라큘라,2
운행,5
광복절,2
저명,2
대책,2
페르난도,2
고즈넉하,2
모딜리아니,9
모차르트,2
소한,2
아시,2
신화,3
가곡,2
친환경,3
산바람,2
라스베가스,2
이아,2
관람차,2
몰입도,4
쯔음,2
밤낮,2
자제,2
표기,2
카흐,3
여배우,2
심포니,2
리베라,2
상등,5
의전,2
정서,2
권위,2
도고,2
생활사,3
전래,6
장례식,4
원전,3
계몽,2
더라면,3
지남,3
진화,5
천문학,2
농업,8
신념,2
코믹,2
교정,3
교실,5
부크렛,2
장례,3
꼭두,2
팩트,2
독립문,10
독립운동가,10
만행,5
형무소,29
임시정부,2
광복,4
투사,5
고학년,2
민주화,3
열사,5
독립문역,3
독립운동,4
적의,2
스산,2
이진아,2
독방,5
혹독,2
사형,5
암울,2
순국,2
색달랐습니,2
태극기,3
국권,2
침탈,2
애국자,2
텔레비젼,2
깜깜,2
울분,2
죄,2
수감,2
토지,3
일본제국,2
처형,3
대한제국,9
범죄,3
대항,2
캐소드,2
형벌,3
절망,2
과천,5
콜라보,3
난해,4
동그랗다,2
변질,2
수출,2
레안드로,2
얼맄,2
윌리엄,2
켄트,2
파니니,2
실습,2
온몸,2
재개,5
역대,7
신전,2
왕립,2
물개,2
측우기,2
씰,2
오바마,2
법률,2
옆이므,2
우습다,2
스캔,2
낄낄,4
메이즈,3
질질,2
탐험가,2
석상,2
디스커버리,3
개항,2
구한말,4
건립,3
안중근,6
유혈,2
쿠데타,2
경성역,2
준공,2
액티브,2
도쿄역,5
되셨으,2
경의선,2
우왕좌왕,2
목재,3
커튼,2
회장,2
학적,2
교회,5
흔치않,2
피리,2
영하,2
관현악,2
연주자,2
예능,2
선배,2
김수근,2
김창일,2
브라,2
선생,7
아이비,2
서소문,4
까르띠,2
천경자,5
수교,2
화백,3
근대건축,5
명작,2
스탠리,2
큐브릭,2
레이더,2
데이비드,2
현직,2
병설,2
포밍기,3
당대,2
화페,2
중후,2
수표,2
창립,3
금고,2
야광,11
한전,3
무드등,2
주인공,2
손전등,3
셀비,2
토드,2
목조,3
소하,2
디뮤,7
글쓰기,3
거북,2
상암,6
풋볼,13
응원가,2
월드컵경기,2
골키퍼,2
드리블,5
추강,2
상암동,3
성북동,2
관장,4
구상,2
대기실,2
어진,2
일대기,3
천문,2
창제,2
열람,3
한글날,2
위안부,5
폭력,4
자연사,4
화석,3
암석,3
미끄럼,2
동물원,2
곤충,2
광물,2
흥인문,2
낙산,2
우표수집,2
문외한,2
방귀,9
탄탄,6
풀무원,3
원이었,2
과학자,2
었는,2
칸,2
석조전,3
이중섭,6
유영,2
유영국,2
테디베어,4
어의,2
측은,2
순교,6
천주교,8
신자,9
묘지,4
미사,2
신앙,3
누에,2
병인양요,2
양화진,2
잠두봉,2
절두산,5
가톨릭,9
카톨릭,4
기독교,2
토굴,2
성직자,2
영적,2
상상나라,2
연락처,2
올빼미,5
옥집,2
기와집,2
국기원,3
석파정,9
벅차,2
허준,5
가양,2
고퀄리티,2
연세대학교,2
윗쪽,2
라바,2
배재,2
배재학당,2
암사동,2
문학관,2
시인,4
우물,2
윤,3
수생,2
서울대학교,7
의원,2
에코,2
사당역,2
영사관,3
분관,3
메이저,2
직후,2
일민,3
함박스테이크,2
손기정,2
복식,3
티베트,2
김구,3
백범,3
효창,4
윤봉길,2
호림,2
부암동,2
학동역,2
매듭,3
도산,2
간송,2
플라토,3
로댕,2
산악,2
물관,2
철강,2
이스케이프,48
호점,32
방탈,4
협동,8
혼방,2
난이도,12
스포,2
클라스,2
베니스,50
저주,25
씨아이,2
수수께끼,2
신박,4
두뇌,2
존스,2
몸캐,2
억지,2
팀워크,2
꿀잼꿀잼,2
개꿀잼,5
쾌감,2
얼른,2
쫄보,2
존잼존잼,3
존잼,7
연방,2
햇습니,2
짱잼,3
서방,2
여태,3
자본주의,2
도피,3
